Datum;BundeslandID;Bevölkerung;Name;EingetrageneImpfungen;EingetrageneImpfungenPro100;Teilgeimpfte;TeilgeimpftePro100;Vollimmunisierte;VollimmunisiertePro100;Gruppe<24_M_1;Gruppe<24_W_1;Gruppe<24_D_1;Gruppe_25-34_M_1;Gruppe_25-34_W_1;Gruppe_25-34_D_1;Gruppe_35-44_M_1;Gruppe_35-44_W_1;Gruppe_35-44_D_1;Gruppe_45-54_M_1;Gruppe_45-54_W_1;Gruppe_45-54_D_1;Gruppe_55-64_M_1;Gruppe_55-64_W_1;Gruppe_55-64_D_1;Gruppe_65-74_M_1;Gruppe_65-74_W_1;Gruppe_65-74_D_1;Gruppe_75-84_M_1;Gruppe_75-84_W_1;Gruppe_75-84_D_1;Gruppe_>84_M_1;Gruppe_>84_W_1;Gruppe_>84_D_1;Gruppe<24_M_2;Gruppe<24_W_2;Gruppe<24_D_2;Gruppe_25-34_M_2;Gruppe_25-34_W_2;Gruppe_25-34_D_2;Gruppe_35-44_M_2;Gruppe_35-44_W_2;Gruppe_35-44_D_2;Gruppe_45-54_M_2;Gruppe_45-54_W_2;Gruppe_45-54_D_2;Gruppe_55-64_M_2;Gruppe_55-64_W_2;Gruppe_55-64_D_2;Gruppe_65-74_M_2;Gruppe_65-74_W_2;Gruppe_65-74_D_2;Gruppe_75-84_M_2;Gruppe_75-84_W_2;Gruppe_75-84_D_2;Gruppe_>84_M_2;Gruppe_>84_W_2;Gruppe_>84_D_2;EingetrageneImpfungenBioNTechPfizer_1;EingetrageneImpfungenModerna_1;EingetrageneImpfungenAstraZeneca_1;EingetrageneImpfungenBioNTechPfizer_2;EingetrageneImpfungenModerna_2;EingetrageneImpfungenAstraZeneca_2
2021-01-09T23:59:59+01:00;0;;KeineZuordnung;122;;122;;0;;0;1;0;6;7;0;5;17;0;12;28;0;7;15;0;1;2;0;3;4;0;2;12;0;0;0;0;0;0;0;0;0;0;0;0;0;0;0;0;0;0;0;0;0;0;0;0;0;122;0;0;0;0;0
2021-01-09T23:59:59+01:00;1;294436;Burgenland;64;0.02;64;0.02;0;0;0;5;0;2;7;0;9;9;0;5;11;0;4;10;0;2;0;0;0;0;0;0;0;0;0;0;0;0;0;0;0;0;0;0;0;0;0;0;0;0;0;0;0;0;0;0;0;0;64;0;0;0;0;0
2021-01-09T23:59:59+01:00;2;561293;Kärnten;1472;0.26;1472;0.26;0;0;6;13;0;19;35;0;44;88;0;73;149;0;82;144;0;95;97;0;81;169;0;72;305;0;0;0;0;0;0;0;0;0;0;0;0;0;0;0;0;0;0;0;0;0;0;0;0;0;1472;0;0;0;0;0
2021-01-09T23:59:59+01:00;3;1684287;Niederösterreich;1013;0.06;1013;0.06;0;0;25;17;0;42;60;0;61;97;0;60;158;0;61;102;0;24;29;0;37;79;0;23;138;0;0;0;0;0;0;0;0;0;0;0;0;0;0;0;0;0;0;0;0;0;0;0;0;0;1013;0;0;0;0;0
2021-01-09T23:59:59+01:00;4;1490279;Oberösterreich;753;0.05;753;0.05;0;0;9;6;0;12;22;0;19;46;0;28;74;0;40;68;0;25;39;0;46;130;0;41;148;0;0;0;0;0;0;0;0;0;0;0;0;0;0;0;0;0;0;0;0;0;0;0;0;0;753;0;0;0;0;0
2021-01-09T23:59:59+01:00;5;558410;Salzburg;310;0.06;310;0.06;0;0;2;12;0;51;45;0;41;50;0;20;36;0;14;33;0;3;2;0;1;0;0;0;0;0;0;0;0;0;0;0;0;0;0;0;0;0;0;0;0;0;0;0;0;0;0;0;0;0;310;0;0;0;0;0
2021-01-09T23:59:59+01:00;6;1246395;Steiermark;210;0.02;210;0.02;0;0;1;2;0;5;15;0;7;15;0;12;23;0;11;15;0;9;10;0;13;26;0;4;42;0;0;0;0;0;0;0;0;0;0;0;0;0;0;0;0;0;0;0;0;0;0;0;0;0;210;0;0;0;0;0
2021-01-09T23:59:59+01:00;7;757634;Tirol;138;0.02;138;0.02;0;0;8;11;0;4;9;0;5;12;0;12;13;0;8;13;0;4;5;0;7;7;0;3;17;0;0;0;0;0;0;0;0;0;0;0;0;0;0;0;0;0;0;0;0;0;0;0;0;0;138;0;0;0;0;0
2021-01-09T23:59:59+01:00;8;397139;Vorarlberg;2824;0.71;2824;0.71;0;0;145;126;0;119;195;0;123;347;0;177;505;0;236;404;0;107;78;0;58;76;0;29;99;0;0;0;0;0;0;0;0;0;0;0;0;0;0;0;0;0;0;0;0;0;0;0;0;0;2824;0;0;0;0;0
2021-01-09T23:59:59+01:00;9;1911191;Wien;0;0;0;0;0;0;0;0;0;0;0;0;0;0;0;0;0;0;0;0;0;0;0;0;0;0;0;0;0;0;0;0;0;0;0;0;0;0;0;0;0;0;0;0;0;0;0;0;0;0;0;0;0;0;0;0;0;0;0;0
2021-01-09T23:59:59+01:00;10;8901064;Österreich;6906;0.08;6906;0.08;0;0;196;193;0;260;395;0;314;681;0;399;997;0;463;804;0;270;262;0;246;491;0;174;761;0;0;0;0;0;0;0;0;0;0;0;0;0;0;0;0;0;0;0;0;0;0;0;0;0;6906;0;0;0;0;0
2021-01-10T23:59:59+01:00;0;;KeineZuordnung;137;;137;;0;;0;2;0;8;7;0;7;18;0;13;31;0;10;15;0;1;2;0;3;5;0;2;13;0;0;0;0;0;0;0;0;0;0;0;0;0;0;0;0;0;0;0;0;0;0;0;0;0;137;0;0;0;0;0
2021-01-10T23:59:59+01:00;1;294436;Burgenland;64;0.02;64;0.02;0;0;0;5;0;2;7;0;9;9;0;5;11;0;4;10;0;2;0;0;0;0;0;0;0;0;0;0;0;0;0;0;0;0;0;0;0;0;0;0;0;0;0;0;0;0;0;0;0;0;64;0;0;0;0;0
2021-01-10T23:59:59+01:00;2;561293;Kärnten;1472;0.26;1472;0.26;0;0;6;13;0;19;35;0;44;88;0;73;149;0;82;144;0;95;97;0;81;169;0;72;305;0;0;0;0;0;0;0;0;0;0;0;0;0;0;0;0;0;0;0;0;0;0;0;0;0;1472;0;0;0;0;0
2021-01-10T23:59:59+01:00;3;1684287;Niederösterreich;1014;0.06;1014;0.06;0;0;25;17;0;42;60;0;61;97;0;60;158;0;61;102;0;25;29;0;37;79;0;23;138;0;0;0;0;0;0;0;0;0;0;0;0;0;0;0;0;0;0;0;0;0;0;0;0;0;1014;0;0;0;0;0
2021-01-10T23:59:59+01:00;4;1490279;Oberösterreich;757;0.05;757;0.05;0;0;9;6;0;13;23;0;20;46;0;28;74;0;40;69;0;25;39;0;46;130;0;41;148;0;0;0;0;0;0;0;0;0;0;0;0;0;0;0;0;0;0;0;0;0;0;0;0;0;757;0;0;0;0;0
2021-01-10T23:59:59+01:00;5;558410;Salzburg;332;0.06;332;0.06;0;0;3;14;0;54;49;0;42;53;0;21;40;0;15;35;0;3;2;0;1;0;0;0;0;0;0;0;0;0;0;0;0;0;0;0;0;0;0;0;0;0;0;0;0;0;0;0;0;0;332;0;0;0;0;0
2021-01-10T23:59:59+01:00;6;1246395;Steiermark;211;0.02;211;0.02;0;0;1;2;0;6;15;0;7;15;0;12;23;0;11;15;0;9;10;0;13;26;0;4;42;0;0;0;0;0;0;0;0;0;0;0;0;0;0;0;0;0;0;0;0;0;0;0;0;0;211;0;0;0;0;0
2021-01-10T23:59:59+01:00;7;757634;Tirol;154;0.02;154;0.02;0;0;8;12;0;6;10;0;6;14;0;15;14;0;9;15;0;5;5;0;7;7;0;3;18;0;0;0;0;0;0;0;0;0;0;0;0;0;0;0;0;0;0;0;0;0;0;0;0;0;154;0;0;0;0;0
2021-01-10T23:59:59+01:00;8;397139;Vorarlberg;3598;0.91;3598;0.91;0;0;166;158;0;154;244;0;157;438;0;222;650;0;293;510;0;145;115;0;82;103;0;35;126;0;0;0;0;0;0;0;0;0;0;0;0;0;0;0;0;0;0;0;0;0;0;0;0;0;3598;0;0;0;0;0
2021-01-10T23:59:59+01:00;9;1911191;Wien;3959;0.21;3959;0.21;0;0;69;27;0;174;188;0;136;250;0;187;445;0;208;350;0;159;182;0;212;490;0;192;690;0;0;0;0;0;0;0;0;0;0;0;0;0;0;0;0;0;0;0;0;0;0;0;0;0;3959;0;0;0;0;0
2021-01-10T23:59:59+01:00;10;8901064;Österreich;11698;0.13;11698;0.13;0;0;287;256;0;478;638;0;489;1028;0;636;1595;0;733;1265;0;469;481;0;482;1009;0;372;1480;0;0;0;0;0;0;0;0;0;0;0;0;0;0;0;0;0;0;0;0;0;0;0;0;0;11698;0;0;0;0;0
2021-01-11T23:59:59+01:00;0;;KeineZuordnung;171;;171;;0;;0;2;0;10;11;0;10;24;0;21;37;0;11;18;0;2;2;0;3;5;0;2;13;0;0;0;0;0;0;0;0;0;0;0;0;0;0;0;0;0;0;0;0;0;0;0;0;0;171;0;0;0;0;0
2021-01-11T23:59:59+01:00;1;294436;Burgenland;127;0.04;127;0.04;0;0;0;6;0;2;7;0;10;14;0;8;18;0;10;16;0;4;3;0;1;6;0;0;22;0;0;0;0;0;0;0;0;0;0;0;0;0;0;0;0;0;0;0;0;0;0;0;0;0;127;0;0;0;0;0
2021-01-11T23:59:59+01:00;2;561293;Kärnten;1549;0.28;1549;0.28;0;0;7;14;0;22;36;0;47;103;0;78;170;0;93;156;0;97;97;0;82;169;0;73;305;0;0;0;0;0;0;0;0;0;0;0;0;0;0;0;0;0;0;0;0;0;0;0;0;0;1549;0;0;0;0;0
2021-01-11T23:59:59+01:00;3;1684287;Niederösterreich;1097;0.07;1097;0.07;0;0;27;22;0;46;68;0;69;109;0;73;173;0;67;110;0;25;31;0;37;79;0;23;138;0;0;0;0;0;0;0;0;0;0;0;0;0;0;0;0;0;0;0;0;0;0;0;0;0;1097;0;0;0;0;0
2021-01-11T23:59:59+01:00;4;1490279;Oberösterreich;886;0.06;886;0.06;0;0;10;9;0;18;25;0;26;52;0;38;85;0;46;74;0;30;49;0;56;146;0;48;174;0;0;0;0;0;0;0;0;0;0;0;0;0;0;0;0;0;0;0;0;0;0;0;0;0;886;0;0;0;0;0
2021-01-11T23:59:59+01:00;5;558410;Salzburg;523;0.09;523;0.09;0;0;4;19;0;65;69;0;58;76;0;35;57;0;40;48;0;12;11;0;5;6;0;1;17;0;0;0;0;0;0;0;0;0;0;0;0;0;0;0;0;0;0;0;0;0;0;0;0;0;523;0;0;0;0;0
2021-01-11T23:59:59+01:00;6;1246395;Steiermark;322;0.03;322;0.03;0;0;7;2;0;9;20;0;17;26;0;18;46;0;20;25;0;15;16;0;14;33;0;7;47;0;0;0;0;0;0;0;0;0;0;0;0;0;0;0;0;0;0;0;0;0;0;0;0;0;322;0;0;0;0;0
2021-01-11T23:59:59+01:00;7;757634;Tirol;175;0.02;175;0.02;0;0;9;12;0;8;12;0;6;15;0;16;15;0;10;16;0;7;6;0;8;8;0;4;23;0;0;0;0;0;0;0;0;0;0;0;0;0;0;0;0;0;0;0;0;0;0;0;0;0;175;0;0;0;0;0
2021-01-11T23:59:59+01:00;8;397139;Vorarlberg;3598;0.91;3598;0.91;0;0;166;158;0;154;244;0;158;438;0;222;650;0;293;509;0;145;115;0;82;103;0;35;126;0;0;0;0;0;0;0;0;0;0;0;0;0;0;0;0;0;0;0;0;0;0;0;0;0;3598;0;0;0;0;0
2021-01-11T23:59:59+01:00;9;1911191;Wien;4895;0.26;4895;0.26;0;0;82;32;0;217;218;0;163;297;0;229;510;0;251;399;0;185;217;0;276;647;0;247;925;0;0;0;0;0;0;0;0;0;0;0;0;0;0;0;0;0;0;0;0;0;0;0;0;0;4895;0;0;0;0;0
2021-01-11T23:59:59+01:00;10;8901064;Österreich;13343;0.15;13343;0.15;0;0;312;276;0;551;710;0;564;1154;0;738;1761;0;841;1371;0;522;547;0;564;1202;0;440;1790;0;0;0;0;0;0;0;0;0;0;0;0;0;0;0;0;0;0;0;0;0;0;0;0;0;13343;0;0;0;0;0
2021-01-12T23:59:59+01:00;0;;KeineZuordnung;248;;248;;0;;1;2;0;11;15;0;13;37;0;27;53;0;13;28;0;3;4;0;8;9;0;4;20;0;0;0;0;0;0;0;0;0;0;0;0;0;0;0;0;0;0;0;0;0;0;0;0;0;248;0;0;0;0;0
2021-01-12T23:59:59+01:00;1;294436;Burgenland;496;0.17;496;0.17;0;0;5;7;0;8;19;0;18;30;0;21;70;0;40;55;0;24;21;0;26;45;0;14;93;0;0;0;0;0;0;0;0;0;0;0;0;0;0;0;0;0;0;0;0;0;0;0;0;0;496;0;0;0;0;0
2021-01-12T23:59:59+01:00;2;561293;Kärnten;3366;0.6;3366;0.6;0;0;15;24;0;41;73;0;75;188;0;136;347;0;207;329;0;214;215;0;222;383;0;176;721;0;0;0;0;0;0;0;0;0;0;0;0;0;0;0;0;0;0;0;0;0;0;0;0;0;3366;0;0;0;0;0
2021-01-12T23:59:59+01:00;3;1684287;Niederösterreich;1763;0.1;1763;0.1;0;0;32;30;0;58;88;0;93;157;0;133;280;0;136;181;0;58;72;0;64;126;0;37;218;0;0;0;0;0;0;0;0;0;0;0;0;0;0;0;0;0;0;0;0;0;0;0;0;0;1763;0;0;0;0;0
2021-01-12T23:59:59+01:00;4;1490279;Oberösterreich;2615;0.18;2615;0.18;0;0;22;21;0;33;60;0;74;150;0;100;274;0;139;235;0;120;160;0;160;375;0;149;543;0;0;0;0;0;0;0;0;0;0;0;0;0;0;0;0;0;0;0;0;0;0;0;0;0;2615;0;0;0;0;0
2021-01-12T23:59:59+01:00;5;558410;Salzburg;859;0.15;859;0.15;0;0;8;22;0;74;82;0;64;102;0;64;98;0;64;68;0;28;22;0;21;32;0;23;87;0;0;0;0;0;0;0;0;0;0;0;0;0;0;0;0;0;0;0;0;0;0;0;0;0;859;0;0;0;0;0
2021-01-12T23:59:59+01:00;6;1246395;Steiermark;530;0.04;530;0.04;0;0;8;6;0;13;31;0;21;52;0;25;70;0;30;59;0;22;24;0;29;54;0;13;73;0;0;0;0;0;0;0;0;0;0;0;0;0;0;0;0;0;0;0;0;0;0;0;0;0;530;0;0;0;0;0
2021-01-12T23:59:59+01:00;7;757634;Tirol;557;0.07;557;0.07;0;0;14;16;0;23;32;0;23;48;0;37;66;0;46;53;0;19;19;0;25;45;0;18;73;0;0;0;0;0;0;0;0;0;0;0;0;0;0;0;0;0;0;0;0;0;0;0;0;0;557;0;0;0;0;0
2021-01-12T23:59:59+01:00;8;397139;Vorarlberg;3901;0.98;3901;0.98;0;0;169;163;0;157;256;0;166;454;0;241;684;0;304;541;0;159;141;0;109;139;0;50;168;0;0;0;0;0;0;0;0;0;0;0;0;0;0;0;0;0;0;0;0;0;0;0;0;0;3901;0;0;0;0;0
2021-01-12T23:59:59+01:00;9;1911191;Wien;5977;0.31;5977;0.31;0;0;106;45;0;278;283;0;207;374;0;287;652;0;318;512;0;201;258;0;325;755;0;297;1079;0;0;0;0;0;0;0;0;0;0;0;0;0;0;0;0;0;0;0;0;0;0;0;0;0;5977;0;0;0;0;0
2021-01-12T23:59:59+01:00;10;8901064;Österreich;20312;0.23;20312;0.23;0;0;380;336;0;696;939;0;754;1592;0;1071;2594;0;1297;2061;0;848;936;0;989;1963;0;781;3075;0;0;0;0;0;0;0;0;0;0;0;0;0;0;0;0;0;0;0;0;0;0;0;0;0;20312;0;0;0;0;0
2021-01-13T23:59:59+01:00;0;;KeineZuordnung;375;;375;;0;;1;2;0;16;26;0;25;61;0;32;79;0;18;41;0;5;7;0;10;14;0;7;31;0;0;0;0;0;0;0;0;0;0;0;0;0;0;0;0;0;0;0;0;0;0;0;0;0;375;0;0;0;0;0
2021-01-13T23:59:59+01:00;1;294436;Burgenland;861;0.29;861;0.29;0;0;6;12;0;13;25;0;36;54;0;36;108;0;56;97;0;48;33;0;46;93;0;34;164;0;0;0;0;0;0;0;0;0;0;0;0;0;0;0;0;0;0;0;0;0;0;0;0;0;861;0;0;0;0;0
2021-01-13T23:59:59+01:00;2;561293;Kärnten;5060;0.9;5060;0.9;0;0;20;35;0;63;120;0;111;292;0;193;527;0;326;475;0;302;334;0;335;589;0;246;1092;0;0;0;0;0;0;0;0;0;0;0;0;0;0;0;0;0;0;0;0;0;0;0;0;0;5060;0;0;0;0;0
2021-01-13T23:59:59+01:00;3;1684287;Niederösterreich;3560;0.21;3560;0.21;0;0;63;52;0;90;163;0;144;327;0;215;535;0;228;375;0;115;151;0;147;305;0;114;536;0;0;0;0;0;0;0;0;0;0;0;0;0;0;0;0;0;0;0;0;0;0;0;0;0;3560;0;0;0;0;0
2021-01-13T23:59:59+01:00;4;1490279;Oberösterreich;4768;0.32;4768;0.32;0;0;44;40;0;69;126;0;124;296;0;190;514;0;263;448;0;217;287;0;295;638;0;251;966;0;0;0;0;0;0;0;0;0;0;0;0;0;0;0;0;0;0;0;0;0;0;0;0;0;4768;0;0;0;0;0
2021-01-13T23:59:59+01:00;5;558410;Salzburg;972;0.17;972;0.17;0;0;8;23;0;76;86;0;67;109;0;69;112;0;66;72;0;34;32;0;27;46;0;31;114;0;0;0;0;0;0;0;0;0;0;0;0;0;0;0;0;0;0;0;0;0;0;0;0;0;972;0;0;0;0;0
2021-01-13T23:59:59+01:00;6;1246395;Steiermark;682;0.05;682;0.05;0;0;8;7;0;16;39;0;23;55;0;32;87;0;42;75;0;34;32;0;39;74;0;17;102;0;0;0;0;0;0;0;0;0;0;0;0;0;0;0;0;0;0;0;0;0;0;0;0;0;682;0;0;0;0;0
2021-01-13T23:59:59+01:00;7;757634;Tirol;1273;0.17;1273;0.17;0;0;20;25;0;69;110;0;76;130;0;96;174;0;93;124;0;34;38;0;47;77;0;39;121;0;0;0;0;0;0;0;0;0;0;0;0;0;0;0;0;0;0;0;0;0;0;0;0;0;1273;0;0;0;0;0
2021-01-13T23:59:59+01:00;8;397139;Vorarlberg;5051;1.27;5051;1.27;0;0;178;174;0;166;290;0;192;526;0;294;814;0;369;680;0;248;248;0;201;270;0;88;313;0;0;0;0;0;0;0;0;0;0;0;0;0;0;0;0;0;0;0;0;0;0;0;0;0;5051;0;0;0;0;0
2021-01-13T23:59:59+01:00;9;1911191;Wien;7132;0.37;7132;0.37;0;0;120;57;0;335;353;0;264;457;0;335;758;0;383;582;0;223;296;0;384;917;0;346;1322;0;0;0;0;0;0;0;0;0;0;0;0;0;0;0;0;0;0;0;0;0;0;0;0;0;7132;0;0;0;0;0
2021-01-13T23:59:59+01:00;10;8901064;Österreich;29734;0.33;29734;0.33;0;0;468;427;0;913;1338;0;1062;2307;0;1492;3708;0;1844;2969;0;1260;1458;0;1531;3023;0;1173;4761;0;0;0;0;0;0;0;0;0;0;0;0;0;0;0;0;0;0;0;0;0;0;0;0;0;29734;0;0;0;0;0
2021-01-14T23:59:59+01:00;0;;KeineZuordnung;489;;489;;0;;1;5;0;20;35;0;31;79;0;39;103;0;22;58;0;8;11;0;12;20;0;7;38;0;0;0;0;0;0;0;0;0;0;0;0;0;0;0;0;0;0;0;0;0;0;0;0;0;489;0;0;0;0;0
2021-01-14T23:59:59+01:00;1;294436;Burgenland;1100;0.37;1100;0.37;0;0;8;18;0;25;34;0;44;76;0;53;151;0;72;119;0;59;35;0;52;113;0;39;202;0;0;0;0;0;0;0;0;0;0;0;0;0;0;0;0;0;0;0;0;0;0;0;0;0;1100;0;0;0;0;0
2021-01-14T23:59:59+01:00;2;561293;Kärnten;6475;1.15;6475;1.15;0;0;29;49;0;78;153;0;145;389;0;256;655;0;427;604;0;403;435;0;417;764;0;313;1358;0;0;0;0;0;0;0;0;0;0;0;0;0;0;0;0;0;0;0;0;0;0;0;0;0;6475;0;0;0;0;0
2021-01-14T23:59:59+01:00;3;1684287;Niederösterreich;5950;0.35;5950;0.35;0;0;91;84;0;137;258;0;223;482;0;324;843;0;401;603;0;241;271;0;280;532;0;201;979;0;0;0;0;0;0;0;0;0;0;0;0;0;0;0;0;0;0;0;0;0;0;0;0;0;5950;0;0;0;0;0
2021-01-14T23:59:59+01:00;4;1490279;Oberösterreich;7225;0.48;7225;0.48;0;0;71;61;0;110;202;0;194;457;0;267;818;0;422;705;0;345;451;0;449;902;0;360;1411;0;0;0;0;0;0;0;0;0;0;0;0;0;0;0;0;0;0;0;0;0;0;0;0;0;7225;0;0;0;0;0
2021-01-14T23:59:59+01:00;5;558410;Salzburg;1092;0.2;1092;0.2;0;0;8;25;0;80;91;0;69;120;0;76;131;0;78;87;0;37;37;0;33;54;0;38;128;0;0;0;0;0;0;0;0;0;0;0;0;0;0;0;0;0;0;0;0;0;0;0;0;0;1092;0;0;0;0;0
2021-01-14T23:59:59+01:00;6;1246395;Steiermark;1351;0.11;1351;0.11;0;0;11;23;0;46;71;0;48;104;0;66;164;0;100;132;0;71;72;0;84;141;0;36;182;0;0;0;0;0;0;0;0;0;0;0;0;0;0;0;0;0;0;0;0;0;0;0;0;0;1351;0;0;0;0;0
2021-01-14T23:59:59+01:00;7;757634;Tirol;2093;0.28;2093;0.28;0;0;26;46;0;107;172;0;112;206;0;151;304;0;133;198;0;57;62;0;80;124;0;70;245;0;0;0;0;0;0;0;0;0;0;0;0;0;0;0;0;0;0;0;0;0;0;0;0;0;2093;0;0;0;0;0
2021-01-14T23:59:59+01:00;8;397139;Vorarlberg;5534;1.39;5534;1.39;0;0;184;180;0;171;302;0;200;552;0;307;855;0;388;734;0;277;279;0;245;334;0;113;413;0;0;0;0;0;0;0;0;0;0;0;0;0;0;0;0;0;0;0;0;0;0;0;0;0;5534;0;0;0;0;0
2021-01-14T23:59:59+01:00;9;1911191;Wien;8931;0.47;8931;0.47;0;0;144;79;0;438;490;0;382;622;0;439;988;0;497;775;0;270;357;0;449;1058;0;392;1551;0;0;0;0;0;0;0;0;0;0;0;0;0;0;0;0;0;0;0;0;0;0;0;0;0;8931;0;0;0;0;0
2021-01-14T23:59:59+01:00;10;8901064;Österreich;40240;0.45;40240;0.45;0;0;573;570;0;1212;1808;0;1448;3087;0;1978;5012;0;2540;4015;0;1768;2010;0;2101;4042;0;1569;6507;0;0;0;0;0;0;0;0;0;0;0;0;0;0;0;0;0;0;0;0;0;0;0;0;0;40240;0;0;0;0;0
2021-01-15T23:59:59+01:00;0;;KeineZuordnung;639;;639;;0;;2;8;0;40;57;0;38;108;0;49;125;0;33;67;0;9;14;0;14;21;0;10;44;0;0;0;0;0;0;0;0;0;0;0;0;0;0;0;0;0;0;0;0;0;0;0;0;0;639;0;0;0;0;0
2021-01-15T23:59:59+01:00;1;294436;Burgenland;1862;0.63;1862;0.63;0;0;25;37;0;61;115;0;85;205;0;96;365;0;138;216;0;63;40;0;57;114;0;41;204;0;0;0;0;0;0;0;0;0;0;0;0;0;0;0;0;0;0;0;0;0;0;0;0;0;1862;0;0;0;0;0
2021-01-15T23:59:59+01:00;2;561293;Kärnten;6496;1.16;6496;1.16;0;0;29;51;0;81;155;0;145;391;0;259;659;0;430;605;0;404;435;0;417;764;0;313;1358;0;0;0;0;0;0;0;0;0;0;0;0;0;0;0;0;0;0;0;0;0;0;0;0;0;6496;0;0;0;0;0
2021-01-15T23:59:59+01:00;3;1684287;Niederösterreich;7572;0.45;7572;0.45;0;0;115;150;0;218;409;0;311;710;0;440;1151;0;530;824;0;271;305;0;313;574;0;217;1034;0;0;0;0;0;0;0;0;0;0;0;0;0;0;0;0;0;0;0;0;0;0;0;0;0;7572;0;0;0;0;0
2021-01-15T23:59:59+01:00;4;1490279;Oberösterreich;9225;0.62;9225;0.62;0;0;94;85;0;193;302;0;273;622;0;377;1111;0;563;929;0;451;557;0;537;1077;0;424;1630;0;0;0;0;0;0;0;0;0;0;0;0;0;0;0;0;0;0;0;0;0;0;0;0;0;9225;0;0;0;0;0
2021-01-15T23:59:59+01:00;5;558410;Salzburg;1554;0.28;1554;0.28;0;0;12;30;0;88;99;0;79;152;0;90;180;0;111;129;0;53;62;0;77;110;0;68;214;0;0;0;0;0;0;0;0;0;0;0;0;0;0;0;0;0;0;0;0;0;0;0;0;0;1554;0;0;0;0;0
2021-01-15T23:59:59+01:00;6;1246395;Steiermark;2345;0.19;2345;0.19;0;0;14;39;0;70;122;0;90;178;0;125;261;0;161;222;0;140;137;0;148;246;0;68;324;0;0;0;0;0;0;0;0;0;0;0;0;0;0;0;0;0;0;0;0;0;0;0;0;0;2345;0;0;0;0;0
2021-01-15T23:59:59+01:00;7;757634;Tirol;2469;0.33;2469;0.33;0;0;28;53;0;118;203;0;122;252;0;167;362;0;153;230;0;65;77;0;89;148;0;91;311;0;0;0;0;0;0;0;0;0;0;0;0;0;0;0;0;0;0;0;0;0;0;0;0;0;2469;0;0;0;0;0
2021-01-15T23:59:59+01:00;8;397139;Vorarlberg;6560;1.65;6560;1.65;0;0;206;194;0;186;343;0;216;619;0;342;994;0;455;889;0;335;345;0;299;443;0;153;541;0;0;0;0;0;0;0;0;0;0;0;0;0;0;0;0;0;0;0;0;0;0;0;0;0;6560;0;0;0;0;0
2021-01-15T23:59:59+01:00;9;1911191;Wien;12319;0.64;12319;0.64;0;0;247;215;0;704;793;0;606;987;0;593;1512;0;716;1174;0;350;471;0;533;1220;0;443;1755;0;0;0;0;0;0;0;0;0;0;0;0;0;0;0;0;0;0;0;0;0;0;0;0;0;12319;0;0;0;0;0
2021-01-15T23:59:59+01:00;10;8901064;Österreich;51041;0.57;51041;0.57;0;0;772;862;0;1759;2598;0;1965;4224;0;2538;6720;0;3290;5285;0;2141;2443;0;2484;4717;0;1828;7415;0;0;0;0;0;0;0;0;0;0;0;0;0;0;0;0;0;0;0;0;0;0;0;0;0;51041;0;0;0;0;0
2021-01-16T23:59:59+01:00;0;;KeineZuordnung;674;;674;;0;;4;9;0;42;61;0;41;112;0;50;129;0;34;73;0;10;14;0;14;23;0;11;47;0;0;0;0;0;0;0;0;0;0;0;0;0;0;0;0;0;0;0;0;0;0;0;0;0;674;0;0;0;0;0
2021-01-16T23:59:59+01:00;1;294436;Burgenland;1981;0.67;1981;0.67;0;0;25;38;0;65;121;0;90;218;0;103;384;0;147;229;0;68;43;0;60;121;0;48;221;0;0;0;0;0;0;0;0;0;0;0;0;0;0;0;0;0;0;0;0;0;0;0;0;0;1981;0;0;0;0;0
2021-01-16T23:59:59+01:00;2;561293;Kärnten;7563;1.35;7563;1.35;0;0;31;54;0;83;159;0;147;398;0;266;675;0;442;613;0;409;436;0;428;795;0;681;1946;0;0;0;0;0;0;0;0;0;0;0;0;0;0;0;0;0;0;0;0;0;0;0;0;0;7563;0;0;0;0;0
2021-01-16T23:59:59+01:00;3;1684287;Niederösterreich;7981;0.47;7981;0.47;0;0;124;177;0;234;431;0;328;760;0;455;1233;0;558;869;0;294;324;0;319;600;0;225;1050;0;0;0;0;0;0;0;0;0;0;0;0;0;0;0;0;0;0;0;0;0;0;0;0;0;7981;0;0;0;0;0
2021-01-16T23:59:59+01:00;4;1490279;Oberösterreich;9388;0.63;9388;0.63;0;0;95;90;0;194;307;0;281;634;0;382;1126;0;577;947;0;455;565;0;546;1100;0;430;1659;0;0;0;0;0;0;0;0;0;0;0;0;0;0;0;0;0;0;0;0;0;0;0;0;0;9388;0;0;0;0;0
2021-01-16T23:59:59+01:00;5;558410;Salzburg;1890;0.34;1890;0.34;0;0;18;34;0;91;108;0;82;176;0;96;208;0;131;159;0;68;77;0;105;157;0;90;290;0;0;0;0;0;0;0;0;0;0;0;0;0;0;0;0;0;0;0;0;0;0;0;0;0;1889;1;0;0;0;0
2021-01-16T23:59:59+01:00;6;1246395;Steiermark;2690;0.22;2690;0.22;0;0;18;41;0;75;137;0;100;211;0;132;303;0;185;254;0;161;161;0;169;281;0;78;384;0;0;0;0;0;0;0;0;0;0;0;0;0;0;0;0;0;0;0;0;0;0;0;0;0;2690;0;0;0;0;0
2021-01-16T23:59:59+01:00;7;757634;Tirol;2565;0.34;2565;0.34;0;0;29;54;0;123;207;0;129;255;0;170;372;0;160;239;0;73;81;0;92;158;0;97;326;0;0;0;0;0;0;0;0;0;0;0;0;0;0;0;0;0;0;0;0;0;0;0;0;0;2564;1;0;0;0;0
2021-01-16T23:59:59+01:00;8;397139;Vorarlberg;7268;1.83;7268;1.83;0;0;214;202;0;193;364;0;230;671;0;361;1098;0;491;1003;0;394;397;0;340;509;0;169;632;0;0;0;0;0;0;0;0;0;0;0;0;0;0;0;0;0;0;0;0;0;0;0;0;0;7268;0;0;0;0;0
2021-01-16T23:59:59+01:00;9;1911191;Wien;14124;0.74;14124;0.74;0;0;332;335;0;829;1000;0;706;1225;0;710;1812;0;827;1398;0;413;523;0;552;1235;0;449;1778;0;0;0;0;0;0;0;0;0;0;0;0;0;0;0;0;0;0;0;0;0;0;0;0;0;14124;0;0;0;0;0
2021-01-16T23:59:59+01:00;10;8901064;Österreich;56124;0.63;56124;0.63;0;0;890;1034;0;1929;2895;0;2134;4660;0;2725;7340;0;3552;5784;0;2345;2621;0;2625;4979;0;2278;8333;0;0;0;0;0;0;0;0;0;0;0;0;0;0;0;0;0;0;0;0;0;0;0;0;0;56122;2;0;0;0;0
2021-01-17T23:59:59+01:00;0;;KeineZuordnung;721;;717;;4;;7;10;0;45;62;0;41;119;0;51;137;0;35;79;0;10;14;0;14;28;0;14;51;0;0;0;0;0;0;0;0;0;0;0;2;0;0;1;0;0;0;0;0;1;0;0;0;0;717;0;0;4;0;0
2021-01-17T23:59:59+01:00;1;294436;Burgenland;2098;0.71;2096;0.71;2;0;25;41;0;67;124;0;98;229;0;110;402;0;168;246;0;74;43;0;61;126;0;49;233;0;0;0;0;0;0;0;0;0;0;0;0;0;1;0;0;1;0;0;0;0;0;0;0;0;2096;0;0;2;0;0
2021-01-17T23:59:59+01:00;2;561293;Kärnten;8279;1.47;8269;1.47;10;0;34;56;0;85;160;0;153;408;0;272;683;0;458;620;0;414;436;0;470;848;0;885;2287;0;0;0;0;0;0;0;0;0;0;0;0;0;1;1;0;0;0;0;1;1;0;3;3;0;8269;0;0;10;0;0
2021-01-17T23:59:59+01:00;3;1684287;Niederösterreich;8626;0.51;8616;0.51;10;0;142;217;0;251;462;0;350;814;0;493;1338;0;604;940;0;314;345;0;343;637;0;244;1122;0;0;0;0;0;0;0;0;1;0;0;3;0;0;1;0;1;1;0;1;0;0;1;1;0;8616;0;0;10;0;0
2021-01-17T23:59:59+01:00;4;1490279;Oberösterreich;9500;0.64;9490;0.64;10;0;103;95;0;196;313;0;283;646;0;388;1138;0;584;954;0;455;565;0;547;1107;0;436;1680;0;0;0;0;0;0;0;0;2;0;0;0;0;0;1;0;0;0;0;1;4;0;1;1;0;9490;0;0;10;0;0
2021-01-17T23:59:59+01:00;5;558410;Salzburg;2094;0.37;2093;0.37;1;0;19;35;0;94;114;0;87;183;0;101;231;0;137;173;0;86;94;0;128;186;0;102;323;0;0;0;0;0;1;0;0;0;0;0;0;0;0;0;0;0;0;0;0;0;0;0;0;0;2092;1;0;1;0;0
2021-01-17T23:59:59+01:00;6;1246395;Steiermark;3246;0.26;3246;0.26;0;0;23;50;0;92;191;0;122;295;0;165;382;0;222;303;0;174;186;0;190;323;0;89;439;0;0;0;0;0;0;0;0;0;0;0;0;0;0;0;0;0;0;0;0;0;0;0;0;0;3246;0;0;0;0;0
2021-01-17T23:59:59+01:00;7;757634;Tirol;2848;0.38;2846;0.38;2;0;30;56;0;124;211;0;131;264;0;181;387;0;172;246;0;85;94;0;142;225;0;119;379;0;1;0;0;0;0;0;0;0;0;0;0;0;0;0;0;0;0;0;0;1;0;0;0;0;2845;1;0;2;0;0
2021-01-17T23:59:59+01:00;8;397139;Vorarlberg;8226;2.07;7960;2;266;0.07;222;213;0;202;382;0;244;713;0;389;1190;0;537;1148;0;433;478;0;372;561;0;189;687;0;8;3;0;4;12;0;10;25;0;16;39;0;22;42;0;18;13;0;9;20;0;6;19;0;7960;0;0;266;0;0
2021-01-17T23:59:59+01:00;9;1911191;Wien;16098;0.84;16095;0.84;3;0;446;496;0;973;1179;0;786;1485;0;810;2157;0;955;1694;0;481;588;0;573;1243;0;450;1779;0;0;0;0;1;1;0;0;0;0;0;0;0;0;0;0;0;0;0;0;1;0;0;0;0;16095;0;0;3;0;0
2021-01-17T23:59:59+01:00;10;8901064;Österreich;61736;0.69;61428;0.69;308;0;1051;1269;0;2129;3198;0;2295;5156;0;2960;8045;0;3872;6403;0;2526;2843;0;2840;5284;0;2577;8980;0;9;3;0;5;14;0;10;28;0;16;44;0;24;46;0;20;14;0;12;28;0;11;24;0;61426;2;0;308;0;0
2021-01-18T23:59:59+01:00;0;;KeineZuordnung;812;;800;;12;;8;13;0;48;69;0;49;140;0;55;157;0;36;86;0;11;16;0;14;30;0;13;55;0;0;0;0;1;0;0;0;1;0;1;3;0;0;3;0;0;0;0;0;1;0;0;2;0;800;0;0;12;0;0
2021-01-18T23:59:59+01:00;1;294436;Burgenland;2708;0.92;2702;0.92;6;0;43;57;0;83;157;0;126;337;0;141;560;0;206;320;0;80;48;0;69;140;0;62;273;0;0;0;0;0;0;0;0;0;0;1;0;0;1;2;0;1;0;0;0;1;0;0;0;0;2702;0;0;6;0;0
2021-01-18T23:59:59+01:00;2;561293;Kärnten;8325;1.48;8315;1.48;10;0;34;56;0;87;165;0;156;411;0;274;690;0;463;627;0;416;436;0;472;851;0;887;2290;0;0;0;0;0;0;0;0;0;0;0;0;0;1;1;0;0;0;0;1;1;0;3;3;0;8315;0;0;10;0;0
2021-01-18T23:59:59+01:00;3;1684287;Niederösterreich;10781;0.64;10521;0.62;260;0.02;184;290;0;325;565;0;441;1004;0;631;1692;0;776;1183;0;373;391;0;395;724;0;293;1254;0;5;7;0;6;10;0;12;23;0;14;42;0;14;26;0;6;8;0;7;22;0;7;51;0;10521;0;0;260;0;0
2021-01-18T23:59:59+01:00;4;1490279;Oberösterreich;10288;0.69;10277;0.69;11;0;111;109;0;212;343;0;297;708;0;410;1254;0;636;1019;0;482;593;0;584;1205;0;475;1839;0;0;0;0;0;0;0;0;2;0;0;0;0;0;1;0;0;0;0;1;5;0;1;1;0;10275;2;0;11;0;0
2021-01-18T23:59:59+01:00;5;558410;Salzburg;2621;0.47;2535;0.45;86;0.02;23;39;0;100;126;0;104;202;0;119;284;0;157;208;0;106;115;0;159;237;0;134;422;0;2;0;0;2;4;0;6;4;0;5;7;0;4;9;0;1;0;0;8;13;0;5;16;0;2534;1;0;86;0;0
2021-01-18T23:59:59+01:00;6;1246395;Steiermark;4311;0.35;4306;0.35;5;0;39;57;0;119;239;0;149;367;0;213;520;0;274;395;0;227;245;0;250;454;0;133;625;0;0;0;0;0;0;0;0;0;0;0;0;0;2;1;0;1;1;0;0;0;0;0;0;0;4306;0;0;5;0;0
2021-01-18T23:59:59+01:00;7;757634;Tirol;3434;0.45;3432;0.45;2;0;36;61;0;133;233;0;150;294;0;199;457;0;191;290;0;98;124;0;200;314;0;164;488;0;1;0;0;0;0;0;0;0;0;0;0;0;0;0;0;0;0;0;0;1;0;0;0;0;3431;1;0;2;0;0
2021-01-18T23:59:59+01:00;8;397139;Vorarlberg;8366;2.11;8100;2.04;266;0.07;223;213;0;202;382;0;244;716;0;392;1196;0;546;1159;0;448;491;0;388;584;0;204;712;0;8;3;0;4;12;0;10;25;0;16;39;0;22;42;0;18;13;0;9;20;0;6;19;0;8100;0;0;266;0;0
2021-01-18T23:59:59+01:00;9;1911191;Wien;20678;1.08;20290;1.06;388;0.02;632;680;0;1245;1522;0;1016;1966;0;1014;2807;0;1192;2183;0;608;725;0;682;1448;0;525;2045;0;4;2;0;14;10;0;10;18;0;15;52;0;14;32;0;18;23;0;21;53;0;28;74;0;20290;0;0;388;0;0
2021-01-18T23:59:59+01:00;10;8901064;Österreich;72324;0.81;71278;0.8;1046;0.01;1333;1575;0;2554;3801;0;2732;6145;0;3448;9617;0;4477;7470;0;2849;3184;0;3213;5987;0;2890;10003;0;20;12;0;27;36;0;38;73;0;52;143;0;58;117;0;45;45;0;47;117;0;50;166;0;71274;4;0;1046;0;0
2021-01-19T23:59:59+01:00;0;;KeineZuordnung;1008;;990;;18;;10;15;0;58;81;0;68;178;0;67;192;0;45;108;0;11;19;0;17;41;0;15;65;0;0;0;0;1;0;0;0;4;0;1;5;0;1;3;0;0;0;0;0;1;0;0;2;0;990;0;0;18;0;0
2021-01-19T23:59:59+01:00;1;294436;Burgenland;3320;1.13;3272;1.11;48;0.02;49;65;0;96;199;0;145;418;0;165;644;0;242;395;0;106;63;0;85;182;0;73;345;0;0;0;0;1;1;0;3;2;0;2;4;0;2;4;0;5;4;0;2;6;0;3;9;0;3272;0;0;48;0;0
2021-01-19T23:59:59+01:00;2;561293;Kärnten;9009;1.61;8997;1.6;12;0;38;71;0;124;241;0;207;534;0;318;872;0;512;719;0;419;438;0;473;853;0;888;2290;0;0;0;0;0;0;0;0;0;0;0;0;0;1;1;0;1;0;0;1;2;0;3;3;0;8989;8;0;12;0;0
2021-01-19T23:59:59+01:00;3;1684287;Niederösterreich;14077;0.84;13359;0.79;718;0.04;221;338;0;401;710;0;538;1229;0;794;2121;0;979;1473;0;494;529;0;537;1002;0;382;1611;0;14;10;0;16;28;0;34;56;0;38;106;0;56;74;0;23;30;0;28;61;0;23;121;0;13358;1;0;718;0;0
2021-01-19T23:59:59+01:00;4;1490279;Oberösterreich;15242;1.02;15225;1.02;17;0;153;159;0;290;453;0;407;1019;0;531;1724;0;817;1374;0;638;763;0;1156;2044;0;826;2871;0;0;1;0;1;0;0;0;2;0;0;0;0;1;2;0;0;0;0;1;5;0;1;3;0;15222;3;0;17;0;0
2021-01-19T23:59:59+01:00;5;558410;Salzburg;3593;0.64;3506;0.63;87;0.02;38;75;0;136;186;0;147;321;0;177;435;0;219;291;0;134;142;0;183;304;0;167;551;0;2;0;0;2;4;0;6;4;0;5;7;0;4;10;0;1;0;0;8;13;0;5;16;0;3504;2;0;87;0;0
2021-01-19T23:59:59+01:00;6;1246395;Steiermark;6037;0.48;6004;0.48;33;0;58;78;0;155;308;0;208;499;0;303;733;0;390;554;0;318;336;0;356;626;0;192;890;0;0;0;0;1;0;0;0;0;0;2;1;0;3;2;0;2;2;0;5;6;0;0;9;0;6001;3;0;33;0;0
2021-01-19T23:59:59+01:00;7;757634;Tirol;4580;0.6;4485;0.59;95;0.01;55;90;0;162;307;0;201;410;0;270;601;0;242;389;0;131;159;0;247;401;0;206;614;0;2;0;0;0;6;0;4;7;0;10;11;0;4;12;0;3;3;0;7;8;0;2;16;0;4376;109;0;95;0;0
2021-01-19T23:59:59+01:00;8;397139;Vorarlberg;8724;2.2;8458;2.13;266;0.07;227;219;0;206;394;0;250;736;0;410;1235;0;572;1208;0;470;523;0;404;621;0;217;766;0;8;3;0;4;12;0;10;25;0;16;39;0;22;42;0;18;13;0;9;20;0;6;19;0;8458;0;0;266;0;0
2021-01-19T23:59:59+01:00;9;1911191;Wien;24317;1.27;23586;1.23;731;0.04;704;746;0;1445;1821;0;1224;2313;0;1213;3337;0;1390;2543;0;687;808;0;794;1688;0;582;2291;0;8;4;0;36;30;0;23;36;0;27;99;0;38;69;0;29;33;0;43;85;0;40;131;0;23586;0;0;731;0;0
2021-01-19T23:59:59+01:00;10;8901064;Österreich;89907;1.01;87882;0.99;2025;0.02;1553;1856;0;3073;4700;0;3395;7657;0;4248;11894;0;5408;9054;0;3408;3780;0;4252;7762;0;3548;12294;0;34;18;0;62;81;0;80;136;0;101;272;0;132;219;0;82;85;0;104;207;0;83;329;0;87756;126;0;2025;0;0
2021-01-20T23:59:59+01:00;0;;KeineZuordnung;1181;;1152;;29;;13;15;0;75;98;0;81;207;0;69;222;0;49;116;0;16;22;0;19;53;0;16;81;0;0;0;0;1;0;0;0;5;0;3;7;0;2;3;0;2;1;0;0;1;0;0;4;0;1152;0;0;29;0;0
2021-01-20T23:59:59+01:00;1;294436;Burgenland;3876;1.32;3803;1.29;73;0.02;55;78;0;126;245;0;157;475;0;190;752;0;269;456;0;121;77;0;99;217;0;88;398;0;0;0;0;1;1;0;5;5;0;5;6;0;4;6;0;6;4;0;4;10;0;4;12;0;3803;0;0;73;0;0
2021-01-20T23:59:59+01:00;2;561293;Kärnten;9848;1.75;9835;1.75;13;0;44;88;0;169;309;0;274;684;0;392;1039;0;599;832;0;448;448;0;477;854;0;888;2290;0;0;0;0;0;0;0;0;0;0;0;0;0;1;1;0;1;1;0;1;2;0;3;3;0;9820;15;0;13;0;0
2021-01-20T23:59:59+01:00;3;1684287;Niederösterreich;18630;1.11;17456;1.04;1174;0.07;459;465;0;589;926;0;705;1552;0;1007;2690;0;1211;1888;0;635;703;0;708;1350;0;498;2070;0;23;12;0;31;43;0;53;93;0;57;166;0;91;111;0;44;45;0;55;103;0;41;206;0;17455;1;0;1174;0;0
2021-01-20T23:59:59+01:00;4;1490279;Oberösterreich;19629;1.32;19555;1.31;74;0;186;184;0;332;538;0;448;1179;0;620;2049;0;977;1678;0;828;1023;0;1701;2881;0;1187;3744;0;1;1;0;1;0;0;2;8;0;1;3;0;3;7;0;5;4;0;7;13;0;4;14;0;19551;4;0;74;0;0
2021-01-20T23:59:59+01:00;5;558410;Salzburg;4612;0.83;4512;0.81;100;0.02;49;99;0;171;253;0;193;424;0;232;595;0;278;411;0;166;179;0;233;381;0;194;654;0;2;0;0;2;4;0;6;4;0;5;7;0;4;10;0;1;2;0;11;18;0;6;18;0;4508;4;0;100;0;0
2021-01-20T23:59:59+01:00;6;1246395;Steiermark;8190;0.66;8153;0.65;37;0;90;105;0;216;390;0;259;674;0;402;982;0;496;752;0;426;457;0;486;902;0;277;1239;0;1;1;0;1;0;0;0;1;0;2;2;0;3;2;0;2;2;0;5;6;0;0;9;0;8149;4;0;37;0;0
2021-01-20T23:59:59+01:00;7;757634;Tirol;5769;0.76;5673;0.75;96;0.01;67;113;0;194;371;0;239;508;0;324;783;0;294;497;0;182;206;0;315;521;0;257;802;0;2;0;0;0;6;0;4;7;0;10;11;0;4;13;0;3;3;0;7;8;0;2;16;0;5527;146;0;96;0;0
2021-01-20T23:59:59+01:00;8;397139;Vorarlberg;8990;2.26;8723;2.2;267;0.07;232;221;0;209;404;0;256;759;0;417;1274;0;584;1246;0;486;543;0;422;642;0;227;801;0;8;3;0;4;12;0;10;25;0;16;39;0;22;42;0;18;13;0;9;21;0;6;19;0;8723;0;0;267;0;0
2021-01-20T23:59:59+01:00;9;1911191;Wien;28714;1.5;27333;1.43;1381;0.07;759;831;0;1678;2183;0;1429;2740;0;1416;3955;0;1579;2913;0;751;918;0;925;1957;0;673;2626;0;24;8;0;60;46;0;43;67;0;61;163;0;78;123;0;81;88;0;90;158;0;70;221;0;27333;0;0;1381;0;0
2021-01-20T23:59:59+01:00;10;8901064;Österreich;109439;1.23;106195;1.19;3244;0.04;1954;2199;0;3759;5717;0;4041;9202;0;5069;14341;0;6336;10789;0;4059;4576;0;5385;9758;0;4305;14705;0;61;25;0;101;112;0;123;215;0;160;404;0;212;318;0;163;163;0;189;340;0;136;522;0;106021;174;0;3244;0;0
2021-01-21T23:59:59+01:00;0;;KeineZuordnung;1358;;1326;;32;;14;17;0;88;115;0;91;234;0;85;267;0;54;133;0;17;23;0;21;59;0;18;90;0;0;0;0;1;1;0;0;5;0;3;7;0;3;4;0;2;1;0;0;1;0;0;4;0;1326;0;0;32;0;0
2021-01-21T23:59:59+01:00;1;294436;Burgenland;4318;1.47;4245;1.44;73;0.02;61;84;0;141;269;0;171;519;0;201;844;0;292;509;0;128;90;0;120;252;0;104;460;0;0;0;0;1;1;0;5;5;0;5;6;0;4;6;0;6;4;0;4;10;0;4;12;0;4245;0;0;73;0;0
2021-01-21T23:59:59+01:00;2;561293;Kärnten;10687;1.9;10674;1.9;13;0;46;105;0;208;404;0;325;824;0;447;1240;0;692;940;0;478;452;0;479;855;0;888;2291;0;0;0;0;0;0;0;0;0;0;0;0;0;1;1;0;1;1;0;1;2;0;3;3;0;10659;15;0;13;0;0
2021-01-21T23:59:59+01:00;3;1684287;Niederösterreich;21925;1.3;20456;1.21;1469;0.09;643;556;0;740;1108;0;842;1829;0;1190;3118;0;1421;2194;0;747;805;0;810;1564;0;546;2343;0;24;15;0;38;57;0;63;111;0;75;211;0;115;140;0;59;56;0;72;136;0;49;248;0;20455;1;0;1469;0;0
2021-01-21T23:59:59+01:00;4;1490279;Oberösterreich;24140;1.62;24063;1.61;77;0.01;205;224;0;395;677;0;520;1395;0;727;2384;0;1107;1923;0;916;1168;0;2388;3867;0;1589;4578;0;1;1;0;1;0;0;2;8;0;1;3;0;3;7;0;5;4;0;9;13;0;5;14;0;24059;4;0;77;0;0
2021-01-21T23:59:59+01:00;5;558410;Salzburg;5728;1.03;5628;1.01;100;0.02;62;134;0;208;324;0;231;507;0;280;765;0;341;519;0;203;214;0;298;492;0;241;809;0;2;0;0;2;4;0;6;4;0;5;7;0;4;10;0;1;2;0;11;18;0;6;18;0;5623;5;0;100;0;0
2021-01-21T23:59:59+01:00;6;1246395;Steiermark;9847;0.79;9808;0.79;39;0;104;130;0;256;478;0;317;814;0;479;1179;0;596;904;0;503;551;0;580;1066;0;333;1518;0;1;1;0;1;0;0;0;1;0;2;2;0;3;2;0;3;2;0;5;6;0;1;9;0;9804;4;0;39;0;0
2021-01-21T23:59:59+01:00;7;757634;Tirol;6214;0.82;6118;0.81;96;0.01;72;119;0;205;389;0;245;542;0;343;820;0;312;538;0;204;218;0;343;599;0;290;879;0;2;0;0;0;6;0;4;7;0;10;11;0;4;13;0;3;3;0;7;8;0;2;16;0;5971;147;0;96;0;0
2021-01-21T23:59:59+01:00;8;397139;Vorarlberg;9249;2.33;8982;2.26;267;0.07;242;232;0;220;417;0;269;776;0;434;1304;0;605;1264;0;497;552;0;436;666;0;239;829;0;8;3;0;4;12;0;10;25;0;16;39;0;22;42;0;18;13;0;9;21;0;6;19;0;8982;0;0;267;0;0
2021-01-21T23:59:59+01:00;9;1911191;Wien;32654;1.71;31247;1.63;1407;0.07;834;884;0;1906;2528;0;1628;3143;0;1615;4515;0;1783;3291;0;836;1053;0;1076;2276;0;790;3089;0;24;8;0;61;54;0;46;70;0;63;165;0;83;124;0;81;88;0;90;158;0;71;221;0;31247;0;0;1407;0;0
2021-01-21T23:59:59+01:00;10;8901064;Österreich;126120;1.42;122547;1.38;3573;0.04;2283;2485;0;4367;6709;0;4639;10583;0;5801;16436;0;7203;12215;0;4529;5126;0;6551;11696;0;5038;16886;0;62;28;0;109;135;0;136;236;0;180;451;0;242;349;0;179;174;0;208;373;0;147;564;0;122371;176;0;3573;0;0
2021-01-22T23:59:59+01:00;0;;KeineZuordnung;1494;;1441;;53;;14;19;0;98;122;0;95;259;0;91;294;0;59;144;0;18;25;0;22;65;0;21;95;0;0;0;0;1;1;0;2;10;0;5;12;0;5;7;0;2;1;0;0;1;0;0;6;0;1441;0;0;53;0;0
2021-01-22T23:59:59+01:00;1;294436;Burgenland;4905;1.67;4822;1.64;83;0.03;70;91;0;162;301;0;192;580;0;232;957;0;331;579;0;143;115;0;142;287;0;111;529;0;0;0;0;1;3;0;7;6;0;6;8;0;5;7;0;6;4;0;4;10;0;4;12;0;4822;0;0;83;0;0
2021-01-22T23:59:59+01:00;2;561293;Kärnten;11027;1.96;11014;1.96;13;0;46;112;0;227;440;0;351;890;0;476;1333;0;717;963;0;480;452;0;480;856;0;890;2301;0;0;0;0;0;0;0;0;0;0;0;0;0;1;1;0;1;1;0;1;2;0;3;3;0;10999;15;0;13;0;0
2021-01-22T23:59:59+01:00;3;1684287;Niederösterreich;24145;1.43;22326;1.33;1819;0.11;713;617;0;854;1272;0;942;2060;0;1312;3463;0;1540;2399;0;771;855;0;845;1637;0;582;2464;0;26;19;0;47;73;0;78;145;0;91;271;0;139;169;0;71;71;0;88;163;0;60;308;0;22325;1;0;1819;0;0
2021-01-22T23:59:59+01:00;4;1490279;Oberösterreich;26854;1.8;26774;1.8;80;0.01;209;243;0;431;748;0;561;1506;0;771;2533;0;1190;2047;0;958;1212;0;2901;4535;0;1887;5042;0;1;2;0;2;0;0;2;8;0;1;3;0;3;7;0;5;4;0;9;14;0;5;14;0;26770;4;0;80;0;0
2021-01-22T23:59:59+01:00;5;558410;Salzburg;6104;1.09;6004;1.08;100;0.02;73;142;0;226;340;0;249;539;0;302;812;0;366;557;0;221;238;0;323;524;0;254;838;0;2;0;0;2;4;0;6;4;0;5;7;0;4;10;0;1;2;0;11;18;0;6;18;0;5999;5;0;100;0;0
2021-01-22T23:59:59+01:00;6;1246395;Steiermark;10979;0.88;10940;0.88;39;0;110;144;0;279;524;0;355;900;0;529;1288;0;665;1028;0;572;645;0;675;1194;0;376;1656;0;1;1;0;1;0;0;0;1;0;2;2;0;3;2;0;3;2;0;5;6;0;1;9;0;10936;4;0;39;0;0
2021-01-22T23:59:59+01:00;7;757634;Tirol;6597;0.87;6501;0.86;96;0.01;77;122;0;214;402;0;260;569;0;364;859;0;349;562;0;222;241;0;372;631;0;307;950;0;2;0;0;0;6;0;4;7;0;10;11;0;4;13;0;3;3;0;7;8;0;2;16;0;6354;147;0;96;0;0
2021-01-22T23:59:59+01:00;8;397139;Vorarlberg;9458;2.38;9191;2.31;267;0.07;245;237;0;224;427;0;274;786;0;435;1327;0;618;1284;0;511;561;0;453;693;0;253;863;0;8;3;0;4;12;0;10;25;0;16;39;0;22;42;0;18;13;0;9;21;0;6;19;0;9191;0;0;267;0;0
2021-01-22T23:59:59+01:00;9;1911191;Wien;36285;1.9;34538;1.81;1747;0.09;878;985;0;2183;2916;0;1827;3581;0;1811;5133;0;1971;3693;0;878;1091;0;1123;2401;0;821;3246;0;29;9;0;77;67;0;53;88;0;77;203;0;102;137;0;90;106;0;112;222;0;85;290;0;34538;0;0;1747;0;0
2021-01-22T23:59:59+01:00;10;8901064;Österreich;137848;1.55;133551;1.5;4297;0.05;2435;2712;0;4898;7492;0;5106;11670;0;6323;17999;0;7806;13256;0;4774;5435;0;7336;12823;0;5502;17984;0;69;34;0;135;166;0;162;294;0;213;556;0;288;395;0;200;207;0;246;465;0;172;695;0;133375;176;0;4297;0;0
2021-01-23T23:59:59+01:00;0;;KeineZuordnung;1510;;1457;;53;;14;21;0;98;122;0;97;259;0;92;295;0;59;144;0;19;26;0;22;65;0;22;102;0;0;0;0;1;1;0;2;10;0;5;12;0;5;7;0;2;1;0;0;1;0;0;6;0;1457;0;0;53;0;0
2021-01-23T23:59:59+01:00;1;294436;Burgenland;4931;1.67;4848;1.65;83;0.03;70;92;0;164;302;0;193;583;0;235;961;0;335;583;0;145;116;0;142;287;0;111;529;0;0;0;0;1;3;0;7;6;0;6;8;0;5;7;0;6;4;0;4;10;0;4;12;0;4848;0;0;83;0;0
2021-01-23T23:59:59+01:00;2;561293;Kärnten;12014;2.14;11998;2.14;16;0;46;112;0;228;445;0;355;896;0;479;1343;0;720;968;0;484;458;0;494;887;0;1177;2906;0;0;0;0;0;0;0;0;1;0;0;0;0;1;1;0;1;1;0;1;2;0;4;4;0;11983;15;0;16;0;0
2021-01-23T23:59:59+01:00;3;1684287;Niederösterreich;24394;1.45;22534;1.34;1860;0.11;715;622;0;860;1288;0;950;2081;0;1325;3488;0;1550;2414;0;778;863;0;847;1668;0;584;2501;0;27;19;0;47;74;0;78;147;0;91;273;0;141;174;0;74;71;0;88;171;0;63;322;0;22533;1;0;1860;0;0
2021-01-23T23:59:59+01:00;4;1490279;Oberösterreich;27466;1.84;27385;1.84;81;0.01;211;246;0;432;752;0;562;1514;0;777;2545;0;1195;2051;0;961;1215;0;3068;4737;0;1962;5157;0;1;2;0;2;0;0;2;8;0;1;3;0;3;7;0;5;4;0;9;15;0;5;14;0;27381;4;0;81;0;0
2021-01-23T23:59:59+01:00;5;558410;Salzburg;6316;1.13;6216;1.11;100;0.02;74;146;0;229;347;0;255;548;0;307;830;0;376;574;0;228;256;0;339;547;0;266;894;0;2;0;0;2;4;0;6;4;0;5;7;0;4;10;0;1;2;0;11;18;0;6;18;0;6211;5;0;100;0;0
2021-01-23T23:59:59+01:00;6;1246395;Steiermark;11263;0.9;11224;0.9;39;0;113;145;0;283;529;0;359;916;0;536;1315;0;684;1044;0;590;654;0;700;1235;0;401;1720;0;1;1;0;1;0;0;0;1;0;2;2;0;3;2;0;3;2;0;5;6;0;1;9;0;11220;4;0;39;0;0
2021-01-23T23:59:59+01:00;7;757634;Tirol;7133;0.94;7037;0.93;96;0.01;132;147;0;272;422;0;290;623;0;413;932;0;372;606;0;236;258;0;385;648;0;316;985;0;2;0;0;0;6;0;4;7;0;10;11;0;4;13;0;3;3;0;7;8;0;2;16;0;6890;147;0;96;0;0
2021-01-23T23:59:59+01:00;8;397139;Vorarlberg;9525;2.4;9257;2.33;268;0.07;247;239;0;224;427;0;275;787;0;435;1327;0;618;1284;0;511;561;0;453;693;0;272;904;0;8;3;0;4;12;0;10;25;0;16;39;0;22;42;0;18;13;0;9;21;0;6;20;0;9257;0;0;268;0;0
2021-01-23T23:59:59+01:00;9;1911191;Wien;36502;1.91;34755;1.82;1747;0.09;880;991;0;2204;2944;0;1848;3624;0;1829;5173;0;1982;3715;0;878;1092;0;1123;2401;0;822;3249;0;29;9;0;77;67;0;53;88;0;77;203;0;102;137;0;90;106;0;112;222;0;85;290;0;34755;0;0;1747;0;0
2021-01-23T23:59:59+01:00;10;8901064;Österreich;141054;1.58;136711;1.54;4343;0.05;2502;2761;0;4994;7578;0;5184;11831;0;6428;18209;0;7891;13383;0;4830;5499;0;7573;13168;0;5933;18947;0;70;34;0;135;167;0;162;297;0;213;558;0;290;400;0;203;207;0;246;474;0;176;711;0;136535;176;0;4343;0;0
2021-01-24T23:59:59+01:00;0;;KeineZuordnung;1520;;1467;;53;;14;21;0;98;122;0;99;260;0;92;298;0;59;145;0;19;26;0;22;66;0;23;103;0;0;0;0;1;1;0;2;10;0;5;12;0;5;7;0;2;1;0;0;1;0;0;6;0;1467;0;0;53;0;0
2021-01-24T23:59:59+01:00;1;294436;Burgenland;4931;1.67;4848;1.65;83;0.03;70;92;0;164;302;0;193;583;0;235;961;0;335;583;0;145;116;0;142;287;0;111;529;0;0;0;0;1;3;0;7;6;0;6;8;0;5;7;0;6;4;0;4;10;0;4;12;0;4848;0;0;83;0;0
2021-01-24T23:59:59+01:00;2;561293;Kärnten;12622;2.25;12604;2.25;18;0;46;113;0;229;445;0;357;900;0;479;1348;0;721;970;0;487;459;0;508;920;0;1355;3267;0;0;0;0;0;0;0;0;1;0;0;0;0;1;1;0;1;1;0;1;2;0;6;4;0;12589;15;0;18;0;0
2021-01-24T23:59:59+01:00;3;1684287;Niederösterreich;24625;1.46;22750;1.35;1875;0.11;715;624;0;862;1298;0;950;2091;0;1333;3519;0;1562;2429;0;785;872;0;857;1697;0;603;2553;0;27;19;0;47;74;0;79;147;0;91;276;0;145;177;0;75;74;0;88;171;0;63;322;0;22749;1;0;1875;0;0
2021-01-24T23:59:59+01:00;4;1490279;Oberösterreich;27949;1.88;27868;1.87;81;0.01;213;246;0;432;753;0;564;1519;0;778;2548;0;1199;2052;0;961;1215;0;3199;4902;0;2027;5260;0;1;2;0;2;0;0;2;8;0;1;3;0;3;7;0;5;4;0;9;15;0;5;14;0;27864;4;0;81;0;0
2021-01-24T23:59:59+01:00;5;558410;Salzburg;6316;1.13;6216;1.11;100;0.02;74;146;0;229;347;0;255;548;0;307;830;0;376;574;0;228;256;0;339;547;0;266;894;0;2;0;0;2;4;0;6;4;0;5;7;0;4;10;0;1;2;0;11;18;0;6;18;0;6211;5;0;100;0;0
2021-01-24T23:59:59+01:00;6;1246395;Steiermark;11605;0.93;11566;0.93;39;0;117;147;0;294;533;0;365;933;0;554;1340;0;716;1078;0;614;673;0;725;1264;0;419;1794;0;1;1;0;1;0;0;0;1;0;2;2;0;3;2;0;3;2;0;5;6;0;1;9;0;11562;4;0;39;0;0
2021-01-24T23:59:59+01:00;7;757634;Tirol;7278;0.96;7182;0.95;96;0.01;135;148;0;275;428;0;295;635;0;421;953;0;394;629;0;246;272;0;391;654;0;318;988;0;2;0;0;0;6;0;4;7;0;10;11;0;4;13;0;3;3;0;7;8;0;2;16;0;7035;147;0;96;0;0
2021-01-24T23:59:59+01:00;8;397139;Vorarlberg;9526;2.4;9258;2.33;268;0.07;247;239;0;224;427;0;275;787;0;436;1327;0;618;1284;0;511;561;0;453;693;0;272;904;0;8;3;0;4;12;0;10;25;0;16;39;0;22;42;0;18;13;0;9;21;0;6;20;0;9258;0;0;268;0;0
2021-01-24T23:59:59+01:00;9;1911191;Wien;36504;1.91;34757;1.82;1747;0.09;880;991;0;2204;2945;0;1848;3624;0;1829;5173;0;1982;3715;0;879;1092;0;1123;2401;0;822;3249;0;29;9;0;77;67;0;53;88;0;77;203;0;102;137;0;90;106;0;112;222;0;85;290;0;34757;0;0;1747;0;0
2021-01-24T23:59:59+01:00;10;8901064;Österreich;142876;1.61;138516;1.56;4360;0.05;2511;2767;0;5011;7600;0;5201;11880;0;6464;18297;0;7962;13459;0;4875;5542;0;7759;13431;0;6216;19541;0;70;34;0;135;167;0;163;297;0;213;561;0;294;403;0;204;210;0;246;474;0;178;711;0;138340;176;0;4360;0;0
2021-01-25T23:59:59+01:00;0;;KeineZuordnung;1642;;1588;;54;;16;23;0;112;137;0;116;271;0;100;321;0;65;153;0;20;30;0;26;69;0;24;105;0;0;0;0;1;1;0;2;10;0;5;12;0;5;7;0;2;2;0;0;1;0;0;6;0;1588;0;0;54;0;0
2021-01-25T23:59:59+01:00;1;294436;Burgenland;5184;1.76;5099;1.73;85;0.03;73;96;0;177;321;0;207;613;0;259;1025;0;350;596;0;150;117;0;143;301;0;116;555;0;0;0;0;1;3;0;7;6;0;6;8;0;6;8;0;6;4;0;4;10;0;4;12;0;5099;0;0;85;0;0
2021-01-25T23:59:59+01:00;2;561293;Kärnten;12626;2.25;12608;2.25;18;0;46;113;0;229;446;0;357;900;0;479;1348;0;721;970;0;488;459;0;508;920;0;1356;3268;0;0;0;0;0;0;0;0;1;0;0;0;0;1;1;0;1;1;0;1;2;0;6;4;0;12593;15;0;18;0;0
2021-01-25T23:59:59+01:00;3;1684287;Niederösterreich;30206;1.79;28301;1.68;1905;0.11;780;731;0;1154;1703;0;1332;3000;0;1757;4696;0;1968;3100;0;897;966;0;945;1854;0;653;2765;0;27;19;0;47;74;0;80;148;0;91;283;0;147;180;0;77;75;0;90;171;0;66;330;0;28300;1;0;1905;0;0
2021-01-25T23:59:59+01:00;4;1490279;Oberösterreich;28687;1.92;28606;1.92;81;0.01;219;247;0;451;784;0;581;1569;0;805;2602;0;1234;2105;0;979;1239;0;3305;5025;0;2075;5386;0;1;2;0;2;0;0;2;8;0;1;3;0;3;7;0;5;4;0;9;15;0;5;14;0;28554;52;0;81;0;0
2021-01-25T23:59:59+01:00;5;558410;Salzburg;6670;1.19;6563;1.18;107;0.02;77;152;0;242;366;0;278;572;0;325;868;0;396;602;0;245;271;0;360;583;0;276;950;0;2;0;0;2;4;0;6;5;0;7;7;0;6;11;0;2;2;0;11;18;0;6;18;0;6558;5;0;107;0;0
2021-01-25T23:59:59+01:00;6;1246395;Steiermark;12546;1.01;12507;1;39;0;126;161;0;313;571;0;389;1008;0;608;1444;0;785;1169;0;664;737;0;787;1363;0;460;1922;0;1;1;0;1;0;0;0;1;0;2;2;0;3;2;0;3;2;0;5;6;0;1;9;0;12503;4;0;39;0;0
2021-01-25T23:59:59+01:00;7;757634;Tirol;7847;1.04;7750;1.02;97;0.01;160;164;0;306;448;0;320;668;0;453;994;0;422;663;0;262;297;0;431;724;0;348;1090;0;2;0;0;0;6;0;4;7;0;10;11;0;5;13;0;3;3;0;7;8;0;2;16;0;7603;147;0;97;0;0
2021-01-25T23:59:59+01:00;8;397139;Vorarlberg;9531;2.4;9263;2.33;268;0.07;247;239;0;224;428;0;275;787;0;436;1328;0;618;1285;0;511;561;0;453;693;0;273;905;0;8;3;0;4;12;0;10;25;0;16;39;0;22;42;0;18;13;0;9;21;0;6;20;0;9263;0;0;268;0;0
2021-01-25T23:59:59+01:00;9;1911191;Wien;37642;1.97;35895;1.88;1747;0.09;898;1016;0;2345;3070;0;1961;3759;0;1914;5305;0;2071;3810;0;896;1102;0;1145;2439;0;842;3322;0;29;9;0;77;67;0;53;88;0;77;203;0;102;137;0;90;106;0;112;222;0;85;290;0;35893;2;0;1747;0;0
2021-01-25T23:59:59+01:00;10;8901064;Österreich;152581;1.71;148180;1.66;4401;0.05;2642;2942;0;5553;8274;0;5816;13147;0;7136;19931;0;8630;14453;0;5112;5779;0;8103;13971;0;6423;20268;0;70;34;0;135;167;0;164;299;0;215;568;0;300;408;0;207;212;0;248;474;0;181;719;0;147954;226;0;4401;0;0
2021-01-26T23:59:59+01:00;0;;KeineZuordnung;1731;;1671;;60;;16;26;0;113;143;0;128;281;0;103;342;0;70;164;0;21;30;0;26;72;0;28;108;0;0;0;0;1;1;0;2;12;0;5;14;0;5;7;0;2;2;0;0;1;0;0;8;0;1668;3;0;60;0;0
2021-01-26T23:59:59+01:00;1;294436;Burgenland;5400;1.83;5314;1.8;86;0.03;75;107;0;181;335;0;221;639;0;271;1062;0;366;610;0;160;126;0;151;318;0;119;573;0;0;0;0;1;3;0;8;6;0;6;8;0;6;8;0;6;4;0;4;10;0;4;12;0;5314;0;0;86;0;0
2021-01-26T23:59:59+01:00;2;561293;Kärnten;12993;2.31;12666;2.26;327;0.06;47;113;0;231;451;0;364;909;0;480;1356;0;723;976;0;491;464;0;510;924;0;1356;3271;0;1;2;0;5;7;0;8;14;0;18;31;0;18;24;0;14;16;0;19;34;0;24;92;0;12651;15;0;327;0;0
2021-01-26T23:59:59+01:00;3;1684287;Niederösterreich;31564;1.87;29586;1.76;1978;0.12;800;774;0;1206;1797;0;1379;3145;0;1829;4887;0;2049;3229;0;947;999;0;1018;1950;0;680;2897;0;30;19;0;52;74;0;87;152;0;95;289;0;154;185;0;79;77;0;95;177;0;69;344;0;29584;2;0;1978;0;0
2021-01-26T23:59:59+01:00;4;1490279;Oberösterreich;30826;2.07;30738;2.06;88;0.01;226;256;0;484;817;0;612;1636;0;873;2702;0;1323;2179;0;1020;1269;0;3697;5571;0;2313;5760;0;1;2;0;2;1;0;3;8;0;3;3;0;3;7;0;5;4;0;9;15;0;5;17;0;30392;346;0;88;0;0
2021-01-26T23:59:59+01:00;5;558410;Salzburg;6802;1.22;6695;1.2;107;0.02;77;155;0;246;373;0;285;584;0;333;884;0;407;620;0;251;280;0;371;593;0;280;956;0;2;0;0;2;4;0;6;5;0;7;7;0;6;11;0;2;2;0;11;18;0;6;18;0;6682;13;0;107;0;0
2021-01-26T23:59:59+01:00;6;1246395;Steiermark;13378;1.07;13335;1.07;43;0;133;181;0;334;614;0;410;1084;0;652;1548;0;833;1249;0;709;777;0;831;1450;0;496;2034;0;1;1;0;1;0;0;0;2;0;3;2;0;3;2;0;3;3;0;6;6;0;1;9;0;13328;7;0;43;0;0
2021-01-26T23:59:59+01:00;7;757634;Tirol;8591;1.13;8494;1.12;97;0.01;171;180;0;338;481;0;341;714;0;480;1061;0;457;716;0;278;331;0;501;848;0;400;1197;0;2;0;0;0;6;0;4;7;0;10;11;0;5;13;0;3;3;0;7;8;0;2;16;0;8030;464;0;97;0;0
2021-01-26T23:59:59+01:00;8;397139;Vorarlberg;10062;2.53;9420;2.37;642;0.16;251;248;0;234;447;0;279;814;0;447;1364;0;631;1304;0;513;562;0;454;694;0;273;905;0;12;10;0;11;23;0;21;49;0;27;95;0;43;92;0;38;28;0;29;56;0;21;87;0;9420;0;0;642;0;0
2021-01-26T23:59:59+01:00;9;1911191;Wien;39375;2.06;37616;1.97;1759;0.09;929;1091;0;2497;3309;0;2044;3985;0;2022;5588;0;2178;4024;0;924;1126;0;1171;2496;0;856;3376;0;29;9;0;80;68;0;56;89;0;77;204;0;102;138;0;90;106;0;113;223;0;85;290;0;37612;4;0;1759;0;0
2021-01-26T23:59:59+01:00;10;8901064;Österreich;160722;1.81;155535;1.75;5187;0.06;2725;3131;0;5864;8767;0;6063;13791;0;7490;20794;0;9037;15071;0;5314;5964;0;8730;14916;0;6801;21077;0;78;43;0;155;187;0;195;344;0;251;664;0;345;487;0;242;245;0;293;548;0;217;893;0;154681;854;0;5187;0;0
2021-01-27T23:59:59+01:00;0;;KeineZuordnung;1837;;1774;;63;;18;31;0;121;151;0;136;292;0;114;358;0;70;175;0;22;33;0;33;75;0;33;112;0;0;0;0;1;1;0;2;12;0;5;14;0;5;7;0;2;2;0;0;1;0;0;11;0;1768;6;0;63;0;0
2021-01-27T23:59:59+01:00;1;294436;Burgenland;5609;1.9;5523;1.88;86;0.03;75;114;0;186;344;0;227;666;0;284;1098;0;388;635;0;179;137;0;158;333;0;119;580;0;0;0;0;1;3;0;8;6;0;6;8;0;6;8;0;6;4;0;4;10;0;4;12;0;5523;0;0;86;0;0
2021-01-27T23:59:59+01:00;2;561293;Kärnten;13250;2.36;12918;2.3;332;0.06;47;118;0;235;456;0;373;941;0;492;1420;0;747;1043;0;511;472;0;511;924;0;1356;3272;0;1;2;0;5;7;0;8;14;0;19;31;0;20;25;0;14;16;0;19;34;0;24;93;0;12902;16;0;332;0;0
2021-01-27T23:59:59+01:00;3;1684287;Niederösterreich;33326;1.98;31166;1.85;2160;0.13;826;815;0;1294;1917;0;1459;3361;0;1942;5183;0;2177;3379;0;992;1039;0;1067;2031;0;702;2982;0;31;21;0;53;77;0;91;159;0;100;309;0;157;195;0;85;83;0;108;208;0;84;399;0;31164;2;0;2160;0;0
2021-01-27T23:59:59+01:00;4;1490279;Oberösterreich;33186;2.23;32876;2.21;310;0.02;235;266;0;508;850;0;663;1710;0;926;2809;0;1422;2256;0;1063;1317;0;4029;6105;0;2569;6148;0;3;5;0;7;6;0;11;26;0;5;21;0;16;26;0;10;14;0;23;57;0;15;65;0;32213;663;0;310;0;0
2021-01-27T23:59:59+01:00;5;558410;Salzburg;7100;1.27;6927;1.24;173;0.03;78;156;0;251;382;0;294;599;0;337;912;0;422;639;0;258;292;0;378;623;0;289;1017;0;2;1;0;2;6;0;9;14;0;10;17;0;14;17;0;5;6;0;13;22;0;7;28;0;6912;15;0;173;0;0
2021-01-27T23:59:59+01:00;6;1246395;Steiermark;13970;1.12;13926;1.12;44;0;140;192;0;353;640;0;423;1135;0;683;1633;0;873;1311;0;745;814;0;866;1509;0;511;2098;0;1;1;0;1;1;0;0;2;0;3;2;0;3;2;0;3;3;0;6;6;0;1;9;0;13917;9;0;44;0;0
2021-01-27T23:59:59+01:00;7;757634;Tirol;9485;1.25;9385;1.24;100;0.01;179;195;0;389;561;0;389;791;0;540;1183;0;508;809;0;299;356;0;541;919;0;433;1293;0;2;0;0;0;6;0;5;8;0;10;11;0;6;13;0;3;3;0;7;8;0;2;16;0;8654;731;0;100;0;0
2021-01-27T23:59:59+01:00;8;397139;Vorarlberg;10228;2.58;9582;2.41;646;0.16;257;253;0;243;461;0;290;830;0;460;1398;0;644;1317;0;522;565;0;462;697;0;277;906;0;12;10;0;11;23;0;21;49;0;27;95;0;43;92;0;39;29;0;30;56;0;22;87;0;9582;0;0;646;0;0
2021-01-27T23:59:59+01:00;9;1911191;Wien;43285;2.26;41503;2.17;1782;0.09;1045;1178;0;2717;3627;0;2195;4410;0;2239;6093;0;2422;4384;0;1022;1241;0;1302;2711;0;1082;3835;0;30;9;0;83;69;0;58;90;0;79;205;0;103;139;0;93;106;0;114;225;0;86;293;0;41494;9;0;1782;0;0
2021-01-27T23:59:59+01:00;10;8901064;Österreich;171276;1.92;165580;1.86;5696;0.06;2900;3318;0;6297;9389;0;6449;14735;0;8017;22087;0;9673;15948;0;5613;6266;0;9347;15927;0;7371;22243;0;82;49;0;164;199;0;213;380;0;264;713;0;373;524;0;260;266;0;324;627;0;245;1013;0;164129;1451;0;5696;0;0
2021-01-28T23:59:59+01:00;0;;KeineZuordnung;1974;;1904;;70;;22;33;0;138;172;0;145;311;0;124;376;0;76;183;0;26;35;0;34;80;0;34;115;0;1;0;0;1;1;0;2;14;0;5;15;0;5;7;0;2;2;0;0;2;0;1;12;0;1892;12;0;70;0;0
2021-01-28T23:59:59+01:00;1;294436;Burgenland;5943;2.02;5835;1.98;108;0.04;132;137;0;210;364;0;239;684;0;296;1129;0;405;660;0;192;142;0;165;345;0;122;613;0;0;3;0;2;7;0;11;7;0;6;11;0;8;11;0;7;5;0;4;10;0;4;12;0;5835;0;0;108;0;0
2021-01-28T23:59:59+01:00;2;561293;Kärnten;13555;2.41;13194;2.35;361;0.06;48;124;0;236;467;0;383;988;0;503;1488;0;764;1120;0;523;484;0;513;925;0;1356;3272;0;2;2;0;6;7;0;8;16;0;20;34;0;22;29;0;15;19;0;21;36;0;24;100;0;13177;17;0;361;0;0
2021-01-28T23:59:59+01:00;3;1684287;Niederösterreich;35296;2.1;32864;1.95;2432;0.14;918;871;0;1375;2027;0;1539;3590;0;2054;5474;0;2301;3603;0;1060;1102;0;1107;2094;0;726;3023;0;36;27;0;57;94;0;103;182;0;117;345;0;175;223;0;91;98;0;120;236;0;90;438;0;32852;12;0;2432;0;0
2021-01-28T23:59:59+01:00;4;1490279;Oberösterreich;36481;2.45;35884;2.41;597;0.04;239;278;0;575;940;0;734;1838;0;1021;2978;0;1547;2385;0;1099;1328;0;4597;6869;0;2882;6574;0;7;6;0;8;15;0;18;40;0;18;52;0;34;56;0;18;32;0;44;97;0;35;117;0;34692;1192;0;597;0;0
2021-01-28T23:59:59+01:00;5;558410;Salzburg;7988;1.43;7498;1.34;490;0.09;87;172;0;281;428;0;324;640;0;358;977;0;452;699;0;280;312;0;411;677;0;306;1094;0;5;2;0;6;14;0;19;31;0;20;67;0;29;53;0;22;17;0;36;58;0;21;90;0;7481;17;0;490;0;0
2021-01-28T23:59:59+01:00;6;1246395;Steiermark;15327;1.23;15278;1.23;49;0;153;204;0;382;686;0;459;1214;0;756;1748;0;976;1434;0;833;908;0;957;1689;0;571;2308;0;1;1;0;1;1;0;1;4;0;3;3;0;3;2;0;3;3;0;6;6;0;1;10;0;15263;15;0;49;0;0
2021-01-28T23:59:59+01:00;7;757634;Tirol;11175;1.47;11073;1.46;102;0.01;183;232;0;538;732;0;529;986;0;704;1447;0;663;995;0;338;373;0;575;972;0;458;1348;0;2;0;0;0;6;0;7;8;0;10;11;0;6;13;0;3;3;0;7;8;0;2;16;0;10085;988;0;102;0;0
2021-01-28T23:59:59+01:00;8;397139;Vorarlberg;10424;2.62;9778;2.46;646;0.16;260;270;0;259;495;0;305;867;0;469;1426;0;650;1344;0;523;565;0;464;698;0;277;906;0;12;10;0;11;23;0;21;49;0;27;95;0;43;92;0;39;29;0;30;56;0;22;87;0;9778;0;0;646;0;0
2021-01-28T23:59:59+01:00;9;1911191;Wien;45230;2.37;42858;2.24;2372;0.12;1076;1220;0;2801;3747;0;2281;4570;0;2310;6318;0;2494;4517;0;1055;1268;0;1337;2794;0;1117;3953;0;43;17;0;107;125;0;100;138;0;120;289;0;148;195;0;107;125;0;139;270;0;100;349;0;42838;20;0;2372;0;0
2021-01-28T23:59:59+01:00;10;8901064;Österreich;183393;2.06;176166;1.98;7227;0.08;3118;3541;0;6795;10058;0;6938;15688;0;8595;23361;0;10328;16940;0;5929;6517;0;10160;17143;0;7849;23206;0;109;68;0;199;293;0;290;489;0;346;922;0;473;681;0;307;333;0;407;779;0;300;1231;0;173893;2273;0;7227;0;0
2021-01-29T23:59:59+01:00;0;;KeineZuordnung;2094;;1965;;129;;23;35;0;142;178;0;150;316;0;127;387;0;83;192;0;26;36;0;35;81;0;37;117;0;1;0;0;9;3;0;6;21;0;11;29;0;8;15;0;2;2;0;2;4;0;2;14;0;1941;24;0;129;0;0
2021-01-29T23:59:59+01:00;1;294436;Burgenland;6174;2.1;5882;2;292;0.1;134;140;0;214;373;0;247;689;0;298;1136;0;409;662;0;192;142;0;166;345;0;122;613;0;3;8;0;7;15;0;21;28;0;14;33;0;24;26;0;11;10;0;10;21;0;17;44;0;5882;0;0;292;0;0
2021-01-29T23:59:59+01:00;2;561293;Kärnten;14966;2.67;13608;2.42;1358;0.24;49;133;0;243;501;0;396;1053;0;517;1573;0;792;1195;0;536;501;0;521;943;0;1360;3295;0;6;10;0;16;32;0;36;77;0;59;136;0;76;137;0;91;94;0;77;155;0;69;287;0;13584;24;0;1358;0;0
2021-01-29T23:59:59+01:00;3;1684287;Niederösterreich;37617;2.23;34270;2.03;3347;0.2;1197;969;0;1512;2124;0;1620;3709;0;2159;5624;0;2390;3705;0;1103;1137;0;1136;2112;0;736;3037;0;50;42;0;91;155;0;161;314;0;192;565;0;258;353;0;107;111;0;138;262;0;91;457;0;34251;19;0;3347;0;0
2021-01-29T23:59:59+01:00;4;1490279;Oberösterreich;41139;2.76;40198;2.7;941;0.06;262;349;0;707;1245;0;937;2348;0;1225;3594;0;1807;2750;0;1148;1357;0;5001;7429;0;3137;6902;0;11;10;0;15;28;0;30;73;0;45;98;0;52;85;0;33;45;0;54;142;0;47;173;0;38592;1606;0;941;0;0
2021-01-29T23:59:59+01:00;5;558410;Salzburg;8885;1.59;8032;1.44;853;0.15;92;184;0;313;484;0;359;690;0;397;1064;0;488;747;0;297;322;0;430;706;0;315;1144;0;8;9;0;33;55;0;59;74;0;58;131;0;63;88;0;31;21;0;43;61;0;21;98;0;8004;28;0;853;0;0
2021-01-29T23:59:59+01:00;6;1246395;Steiermark;16322;1.31;15978;1.28;344;0.03;162;212;0;391;710;0;482;1248;0;780;1814;0;1018;1495;0;873;956;0;1010;1757;0;610;2460;0;4;3;0;7;16;0;13;18;0;23;31;0;16;26;0;23;23;0;21;40;0;12;68;0;15962;16;0;344;0;0
2021-01-29T23:59:59+01:00;7;757634;Tirol;12224;1.61;11879;1.57;345;0.05;188;242;0;569;786;0;580;1061;0;755;1542;0;765;1066;0;399;394;0;614;1030;0;472;1416;0;7;6;0;8;19;0;15;29;0;21;43;0;22;38;0;16;13;0;21;24;0;8;55;0;10425;1454;0;345;0;0
2021-01-29T23:59:59+01:00;8;397139;Vorarlberg;12083;3.04;9782;2.46;2301;0.58;261;270;0;260;495;0;305;867;0;470;1427;0;650;1344;0;523;565;0;464;698;0;277;906;0;99;79;0;94;150;0;110;256;0;156;440;0;186;330;0;98;64;0;54;70;0;24;91;0;9782;0;0;2301;0;0
2021-01-29T23:59:59+01:00;9;1911191;Wien;47769;2.5;43999;2.3;3770;0.2;1120;1254;0;2887;3876;0;2341;4690;1;2376;6479;0;2558;4637;0;1070;1293;0;1349;2860;0;1140;4068;0;51;31;0;188;220;0;149;254;0;193;459;0;216;328;0;135;173;0;178;437;0;168;590;0;43970;29;0;3770;0;0
2021-01-29T23:59:59+01:00;10;8901064;Österreich;199273;2.24;185593;2.09;13680;0.15;3488;3788;0;7238;10772;0;7417;16671;1;9104;24640;0;10960;17793;0;6167;6703;0;10726;17961;0;8206;23958;0;240;198;0;468;693;0;600;1144;0;772;1965;0;921;1426;0;547;556;0;598;1216;0;459;1877;0;182393;3200;0;13680;0;0
2021-01-30T23:59:59+01:00;0;;KeineZuordnung;2128;;1973;;155;;23;35;0;142;179;0;150;316;0;127;388;0;84;193;0;26;36;0;36;82;0;38;118;0;1;2;0;10;4;0;10;26;0;12;33;0;11;19;0;2;2;0;3;4;0;2;14;0;1945;28;0;155;0;0
2021-01-30T23:59:59+01:00;1;294436;Burgenland;6232;2.12;5896;2;336;0.11;134;140;0;214;373;0;248;690;0;299;1139;0;412;664;0;192;142;0;167;347;0;122;613;0;4;9;0;11;16;0;23;36;0;20;44;0;29;28;0;11;10;0;11;23;0;17;44;0;5896;0;0;336;0;0
2021-01-30T23:59:59+01:00;2;561293;Kärnten;14967;2.67;13608;2.42;1359;0.24;49;133;0;243;501;0;396;1053;0;517;1573;0;792;1195;0;536;501;0;521;943;0;1360;3295;0;6;10;0;16;32;0;36;77;0;60;136;0;76;137;0;91;94;0;77;155;0;69;287;0;13584;24;0;1359;0;0
2021-01-30T23:59:59+01:00;3;1684287;Niederösterreich;38210;2.27;34500;2.05;3710;0.22;1256;982;0;1546;2131;0;1635;3729;0;2167;5639;0;2405;3718;0;1108;1140;0;1142;2117;0;741;3044;0;53;53;0;117;176;0;180;394;0;226;635;0;279;410;0;110;119;0;141;266;0;93;458;0;34471;29;0;3710;0;0
2021-01-30T23:59:59+01:00;4;1490279;Oberösterreich;42237;2.83;41289;2.77;948;0.06;265;352;0;737;1287;0;965;2395;0;1250;3641;0;1845;2796;0;1159;1368;0;5196;7674;0;3280;7079;0;11;11;0;15;28;0;31;73;0;45;99;0;53;85;0;33;47;0;54;143;0;47;173;0;39526;1763;0;948;0;0
2021-01-30T23:59:59+01:00;5;558410;Salzburg;9005;1.61;8050;1.44;955;0.17;92;184;0;314;485;0;362;692;0;401;1065;0;491;748;0;298;322;0;430;706;0;315;1145;0;9;9;0;42;58;0;68;76;0;69;135;0;76;99;0;36;25;0;47;67;0;25;114;0;8013;37;0;955;0;0
2021-01-30T23:59:59+01:00;6;1246395;Steiermark;16619;1.33;16134;1.29;485;0.04;166;215;0;394;717;0;485;1260;0;783;1826;0;1031;1505;0;887;965;0;1020;1778;0;617;2485;0;7;5;0;8;19;0;22;23;0;25;42;0;27;37;0;29;26;0;34;68;0;26;87;0;16118;16;0;485;0;0
2021-01-30T23:59:59+01:00;7;757634;Tirol;12269;1.62;11912;1.57;357;0.05;189;242;0;569;790;0;581;1062;0;756;1543;0;768;1066;0;402;394;0;616;1036;0;474;1424;0;8;10;0;9;19;0;15;31;0;22;44;0;22;38;0;17;14;0;21;24;0;8;55;0;10457;1455;0;357;0;0
2021-01-30T23:59:59+01:00;8;397139;Vorarlberg;13133;3.31;9885;2.49;3248;0.82;264;271;0;264;498;0;307;877;0;473;1444;0;658;1361;0;527;572;0;469;703;0;281;916;0;151;140;0;133;229;0;149;412;0;202;607;0;270;456;0;130;96;0;69;80;0;27;97;0;9885;0;0;3248;0;0
2021-01-30T23:59:59+01:00;9;1911191;Wien;47826;2.5;44017;2.3;3809;0.2;1122;1255;0;2888;3878;0;2344;4691;1;2378;6480;0;2559;4638;0;1071;1293;0;1349;2861;0;1140;4069;0;52;32;0;194;222;0;159;259;0;199;463;0;217;329;0;136;173;0;179;437;0;168;590;0;43987;30;0;3809;0;0
2021-01-30T23:59:59+01:00;10;8901064;Österreich;202626;2.28;187264;2.1;15362;0.17;3560;3809;0;7311;10839;0;7473;16765;1;9151;24738;0;11045;17884;0;6206;6733;0;10946;18247;0;8368;24188;0;302;281;0;555;803;0;693;1407;0;880;2238;0;1060;1638;0;595;606;0;636;1267;0;482;1919;0;183882;3382;0;15362;0;0
2021-01-31T23:59:59+01:00;0;;KeineZuordnung;2144;;1979;;165;;23;35;0;142;179;0;151;316;0;128;388;0;84;193;0;26;36;0;37;82;0;38;121;0;1;2;0;11;4;0;11;26;0;14;35;0;12;19;0;2;3;0;3;5;0;2;15;0;1950;29;0;165;0;0
2021-01-31T23:59:59+01:00;1;294436;Burgenland;6269;2.13;5900;2;369;0.13;134;140;0;214;373;0;248;692;0;300;1140;0;412;664;0;192;142;0;167;347;0;122;613;0;4;9;0;13;20;0;26;42;0;25;53;0;32;29;0;11;10;0;11;23;0;17;44;0;5900;0;0;369;0;0
2021-01-31T23:59:59+01:00;2;561293;Kärnten;14971;2.67;13611;2.42;1360;0.24;49;133;0;245;502;0;396;1053;0;517;1573;0;792;1195;0;536;501;0;521;943;0;1360;3295;0;6;10;0;16;32;0;36;77;0;60;136;0;76;137;0;91;95;0;77;155;0;69;287;0;13587;24;0;1360;0;0
2021-01-31T23:59:59+01:00;3;1684287;Niederösterreich;38431;2.28;34544;2.05;3887;0.23;1257;985;0;1547;2135;0;1637;3738;0;2168;5649;0;2406;3723;0;1109;1144;0;1143;2118;0;741;3044;0;53;56;0;137;194;0;198;426;0;243;678;0;291;424;0;110;119;0;141;266;0;93;458;0;34514;30;0;3887;0;0
2021-01-31T23:59:59+01:00;4;1490279;Oberösterreich;42580;2.86;41628;2.79;952;0.06;265;355;0;748;1304;0;980;2414;0;1263;3664;0;1852;2805;0;1160;1371;0;5256;7747;0;3318;7126;0;11;11;0;15;29;0;31;74;0;46;100;0;53;85;0;33;47;0;54;143;0;47;173;0;39821;1807;0;952;0;0
2021-01-31T23:59:59+01:00;5;558410;Salzburg;9079;1.63;8060;1.44;1019;0.18;92;184;0;315;485;0;364;695;0;402;1066;0;491;749;0;298;322;0;431;706;0;315;1145;0;9;13;0;42;60;0;68;76;0;72;141;0;81;107;0;43;34;0;58;71;0;27;117;0;8017;43;0;1019;0;0
2021-01-31T23:59:59+01:00;6;1246395;Steiermark;17109;1.37;16605;1.33;504;0.04;171;220;0;416;728;0;502;1276;0;834;1865;0;1092;1551;0;955;998;0;1045;1806;0;630;2516;0;7;5;0;8;19;0;23;27;0;28;44;0;28;39;0;29;26;0;35;71;0;26;89;0;16589;16;0;504;0;0
2021-01-31T23:59:59+01:00;7;757634;Tirol;12571;1.66;12200;1.61;371;0.05;198;245;0;573;800;0;587;1083;0;764;1578;0;780;1106;0;420;422;0;627;1062;0;487;1468;0;8;12;0;9;19;0;15;31;0;23;44;0;24;40;0;18;15;0;22;24;0;8;59;0;10738;1462;0;371;0;0
2021-01-31T23:59:59+01:00;8;397139;Vorarlberg;13479;3.39;9900;2.49;3579;0.9;264;271;0;264;498;0;307;877;0;473;1444;0;663;1361;0;527;573;0;472;705;0;284;917;0;164;155;0;152;244;0;158;439;0;216;644;0;289;501;0;150;107;0;81;110;0;33;136;0;9900;0;0;3579;0;0
2021-01-31T23:59:59+01:00;9;1911191;Wien;47856;2.5;44031;2.3;3825;0.2;1122;1256;0;2891;3882;0;2345;4691;1;2380;6481;0;2559;4638;0;1071;1294;0;1350;2861;0;1140;4069;0;52;33;0;198;225;0;161;261;0;201;463;0;217;331;0;136;173;0;179;437;0;168;590;0;43998;33;0;3825;0;0
2021-01-31T23:59:59+01:00;10;8901064;Österreich;204489;2.3;188458;2.12;16031;0.18;3575;3824;0;7355;10886;0;7517;16835;1;9229;24848;0;11131;17985;0;6294;6803;0;11049;18377;0;8435;24314;0;315;306;0;601;846;0;727;1479;0;928;2338;0;1103;1712;0;623;629;0;661;1305;0;490;1968;0;185014;3444;0;16031;0;0
2021-02-01T23:59:59+01:00;0;;KeineZuordnung;2230;;2013;;217;;23;35;0;142;182;0;153;322;0;131;395;0;86;197;0;26;36;0;38;82;0;39;126;0;1;2;0;15;10;0;17;31;0;21;50;0;16;22;0;3;3;0;3;5;0;2;16;0;1983;30;0;217;0;0
2021-02-01T23:59:59+01:00;1;294436;Burgenland;6706;2.28;6087;2.07;619;0.21;135;144;0;219;383;0;252;708;0;306;1162;0;422;678;0;203;163;0;182;364;0;128;638;0;5;12;0;15;33;0;32;61;0;36;95;0;49;49;0;22;31;0;26;44;0;21;88;0;6086;1;0;619;0;0
2021-02-01T23:59:59+01:00;2;561293;Kärnten;15270;2.72;13834;2.46;1436;0.26;49;134;0;246;502;0;400;1058;0;518;1581;0;796;1201;0;536;502;0;523;946;0;1436;3406;0;6;11;0;18;33;0;39;91;0;64;156;0;87;149;0;94;96;0;78;155;0;70;289;0;13810;24;0;1436;0;0
2021-02-01T23:59:59+01:00;3;1684287;Niederösterreich;40743;2.42;35540;2.11;5203;0.31;1271;1012;0;1568;2203;0;1675;3855;0;2220;5835;0;2477;3837;0;1149;1173;0;1182;2169;0;770;3144;0;73;72;0;186;284;0;291;656;0;351;1038;0;388;589;0;139;136;0;152;278;0;97;473;0;35510;30;0;5203;0;0
2021-02-01T23:59:59+01:00;4;1490279;Oberösterreich;42788;2.87;41743;2.8;1045;0.07;266;358;0;754;1315;0;986;2426;0;1268;3688;0;1864;2818;0;1162;1374;0;5260;7750;0;3319;7135;0;12;12;0;16;30;0;38;87;0;54;112;0;63;89;0;35;56;0;62;150;0;49;180;0;39914;1829;0;1045;0;0
2021-02-01T23:59:59+01:00;5;558410;Salzburg;10068;1.8;8639;1.55;1429;0.26;102;199;0;343;551;0;400;772;0;437;1175;0;529;797;0;308;336;0;454;731;0;330;1175;0;12;20;0;74;107;0;103;129;0;100;203;0;108;145;0;54;53;0;69;81;0;31;140;0;8595;44;0;1429;0;0
2021-02-01T23:59:59+01:00;6;1246395;Steiermark;18008;1.44;17171;1.38;837;0.07;176;227;0;432;740;0;530;1300;0;878;1931;0;1143;1608;0;992;1031;0;1082;1861;0;644;2596;0;9;13;0;18;41;0;36;60;0;43;93;0;49;63;0;45;46;0;52;100;0;39;130;0;17155;16;0;837;0;0
2021-02-01T23:59:59+01:00;7;757634;Tirol;12946;1.71;12554;1.66;392;0.05;199;251;0;589;831;0;608;1125;0;801;1650;0;802;1139;0;427;427;0;634;1078;0;494;1499;0;8;12;0;10;19;0;15;33;0;24;45;0;27;43;0;20;16;0;23;26;0;10;61;0;11092;1462;0;392;0;0
2021-02-01T23:59:59+01:00;8;397139;Vorarlberg;13549;3.41;9903;2.49;3646;0.92;264;272;0;264;498;0;307;877;0;473;1444;0;663;1361;0;527;573;0;472;705;0;284;919;0;165;160;0;153;249;0;159;442;0;220;652;0;298;507;0;154;112;0;86;114;0;34;141;0;9903;0;0;3646;0;0
2021-02-01T23:59:59+01:00;9;1911191;Wien;48910;2.56;44455;2.33;4455;0.23;1128;1266;0;2914;3915;0;2371;4728;1;2393;6532;0;2579;4678;0;1085;1307;0;1377;2915;0;1151;4115;0;63;36;0;239;252;0;183;309;0;224;498;0;249;360;0;155;194;0;223;539;0;203;728;0;44421;34;0;4455;0;0
2021-02-01T23:59:59+01:00;10;8901064;Österreich;211218;2.37;191939;2.16;19279;0.22;3613;3898;0;7471;11120;0;7682;17171;1;9425;25393;0;11361;18314;0;6415;6922;0;11204;18601;0;8595;24753;0;354;350;0;744;1058;0;913;1899;0;1137;2942;0;1334;2016;0;721;743;0;774;1492;0;556;2246;0;188469;3470;0;19279;0;0
2021-02-02T23:59:59+01:00;0;;KeineZuordnung;2415;;2068;;347;;24;36;0;143;183;0;154;330;0;137;410;0;87;208;0;27;37;0;39;85;0;40;128;0;3;3;0;19;19;0;36;57;0;33;76;0;21;36;0;5;4;0;3;7;0;3;22;0;2036;32;0;347;0;0
2021-02-02T23:59:59+01:00;1;294436;Burgenland;7505;2.55;6275;2.13;1230;0.42;143;152;0;223;404;0;257;739;0;311;1208;0;434;692;0;207;166;0;185;370;0;130;654;0;12;20;0;28;59;0;52;112;0;65;199;0;92;120;0;52;51;0;57;100;0;38;173;0;6274;1;0;1230;0;0
2021-02-02T23:59:59+01:00;2;561293;Kärnten;17433;3.11;14422;2.57;3011;0.54;51;135;0;250;510;0;402;1078;0;526;1611;0;804;1215;0;546;510;0;546;1001;0;1587;3650;0;15;22;0;38;66;0;66;165;0;117;315;0;186;304;0;196;198;0;190;345;0;159;629;0;14398;24;0;3010;1;0
2021-02-02T23:59:59+01:00;3;1684287;Niederösterreich;45574;2.71;37238;2.21;8336;0.49;1287;1080;0;1603;2335;0;1733;4120;0;2300;6217;0;2582;4110;0;1207;1243;0;1213;2218;0;789;3201;0;109;128;0;295;452;0;453;1052;0;581;1604;0;665;977;0;222;217;0;232;431;0;169;749;0;37208;30;0;8336;0;0
2021-02-02T23:59:59+01:00;4;1490279;Oberösterreich;43053;2.89;41872;2.81;1181;0.08;267;363;0;755;1323;0;987;2439;0;1273;3720;0;1871;2841;0;1166;1378;0;5266;7758;0;3320;7145;0;14;13;0;20;34;0;46;95;0;66;130;0;80;105;0;39;65;0;69;159;0;52;194;0;39983;1889;0;1181;0;0
2021-02-02T23:59:59+01:00;5;558410;Salzburg;11022;1.97;8913;1.6;2109;0.38;110;200;0;354;557;0;413;798;0;443;1220;0;545;829;0;317;346;0;473;756;0;342;1210;0;15;26;0;108;140;0;144;193;0;140;283;0;168;207;0;81;71;0;94;119;0;63;257;0;8869;44;0;2109;0;0
2021-02-02T23:59:59+01:00;6;1246395;Steiermark;19233;1.54;17692;1.42;1541;0.12;184;238;0;452;770;0;551;1357;0;907;1991;0;1175;1655;0;1017;1060;0;1113;1909;0;661;2652;0;19;20;0;33;71;0;57;108;0;65;178;0;101;144;0;78;79;0;95;181;0;69;243;0;17676;16;0;1541;0;0
2021-02-02T23:59:59+01:00;7;757634;Tirol;14242;1.88;12826;1.69;1416;0.19;200;255;0;600;847;0;615;1149;0;813;1690;0;817;1166;0;437;434;0;659;1109;0;501;1534;0;17;25;0;63;87;0;70;122;0;89;191;0;91;141;0;53;53;0;57;105;0;48;204;0;11246;1580;0;1412;4;0
2021-02-02T23:59:59+01:00;8;397139;Vorarlberg;13561;3.41;9904;2.49;3657;0.92;264;272;0;264;499;0;307;877;0;473;1444;0;663;1361;0;527;573;0;472;705;0;284;919;0;166;160;0;154;249;0;162;445;0;221;652;0;298;509;0;154;112;0;86;114;0;34;141;0;9903;1;0;3657;0;0
2021-02-02T23:59:59+01:00;9;1911191;Wien;50897;2.66;45145;2.36;5752;0.3;1147;1281;0;2943;3964;0;2401;4803;1;2426;6656;0;2613;4758;0;1098;1329;0;1404;2958;0;1172;4191;0;90;55;0;326;332;0;254;411;0;299;666;0;345;473;0;180;235;0;271;647;0;248;920;0;45111;34;0;5752;0;0
2021-02-02T23:59:59+01:00;10;8901064;Österreich;224935;2.53;196355;2.21;28580;0.32;3677;4012;0;7587;11392;0;7820;17690;1;9609;26167;0;11591;18835;0;6549;7076;0;11370;18869;0;8826;25284;0;460;472;0;1084;1509;0;1340;2760;0;1676;4294;0;2047;3016;0;1060;1085;0;1154;2208;0;883;3532;0;192704;3651;0;28575;5;0
2021-02-03T23:59:59+01:00;0;;KeineZuordnung;2613;;2121;;492;;24;37;0;147;189;0;160;340;0;140;419;0;89;212;0;27;38;0;39;87;0;42;131;0;3;5;0;26;37;0;48;80;0;43;112;0;25;49;0;7;8;0;6;11;0;3;29;0;2089;32;0;492;0;0
2021-02-03T23:59:59+01:00;1;294436;Burgenland;7894;2.68;6354;2.16;1540;0.52;165;158;0;233;407;0;262;752;0;315;1220;0;436;695;0;207;168;0;188;366;0;129;653;0;13;23;0;37;64;0;61;126;0;74;231;0;107;149;0;73;62;0;78;143;0;52;247;0;6353;1;0;1540;0;0
2021-02-03T23:59:59+01:00;2;561293;Kärnten;19469;3.47;14787;2.63;4682;0.83;51;138;0;260;527;0;407;1107;0;546;1673;0;820;1252;0;560;523;0;564;1058;0;1599;3702;0;21;35;0;61;111;0;101;268;0;177;492;0;302;442;0;280;313;0;302;545;0;231;1001;0;14762;25;0;4681;1;0
2021-02-03T23:59:59+01:00;3;1684287;Niederösterreich;49607;2.95;38876;2.31;10731;0.64;1309;1138;0;1648;2446;0;1793;4379;0;2386;6597;0;2725;4378;0;1259;1291;0;1244;2259;0;799;3225;0;135;165;0;388;584;0;579;1330;0;742;1995;0;860;1273;0;290;298;0;298;588;0;218;988;0;38846;30;0;10731;0;0
2021-02-03T23:59:59+01:00;4;1490279;Oberösterreich;46726;3.14;42248;2.83;4478;0.3;273;365;0;761;1336;0;995;2475;0;1287;3783;0;1889;2891;0;1184;1391;0;5285;7801;0;3335;7197;0;40;36;0;71;135;0;130;319;0;187;508;0;256;427;0;187;248;0;257;583;0;217;877;0;40344;1904;0;4478;0;0
2021-02-03T23:59:59+01:00;5;558410;Salzburg;12125;2.17;9431;1.69;2694;0.48;122;205;0;377;581;0;451;847;0;500;1299;0;578;904;0;335;362;0;486;782;0;356;1246;0;22;35;0;128;175;0;180;242;0;183;370;0;200;263;0;104;97;0;123;170;0;79;323;0;9387;44;0;2694;0;0
2021-02-03T23:59:59+01:00;6;1246395;Steiermark;20546;1.65;18130;1.45;2416;0.19;188;244;0;456;786;0;569;1387;0;922;2040;0;1193;1702;0;1048;1082;0;1147;1944;0;686;2736;0;28;35;0;58;132;0;80;195;0;117;283;0;164;211;0;123;130;0;149;259;0;88;364;0;18114;16;0;2416;0;0
2021-02-03T23:59:59+01:00;7;757634;Tirol;15664;2.07;13270;1.75;2394;0.32;205;262;0;607;875;0;638;1186;0;827;1755;0;828;1208;0;458;454;0;680;1152;0;524;1611;0;28;37;0;114;184;0;131;244;0;150;367;0;149;235;0;73;68;0;82;151;0;74;307;0;11656;1614;0;2390;4;0
2021-02-03T23:59:59+01:00;8;397139;Vorarlberg;13654;3.44;9908;2.49;3746;0.94;264;273;0;264;502;0;307;877;0;473;1444;0;663;1361;0;527;573;0;472;705;0;284;919;0;168;161;0;154;255;0;167;449;0;229;662;0;301;519;0;157;122;0;90;125;0;39;148;0;9907;1;0;3746;0;0
2021-02-03T23:59:59+01:00;9;1911191;Wien;52556;2.75;45908;2.4;6648;0.35;1176;1303;0;2988;4019;0;2438;4893;1;2466;6745;0;2655;4823;0;1118;1361;0;1439;3003;0;1200;4280;0;102;65;0;410;425;0;322;501;0;336;754;0;400;545;0;196;256;0;305;715;0;280;1036;0;45874;34;0;6648;0;0
2021-02-03T23:59:59+01:00;10;8901064;Österreich;240854;2.71;201033;2.26;39821;0.45;3777;4123;0;7741;11668;0;8020;18243;1;9862;26975;0;11876;19426;0;6723;7243;0;11544;19157;0;8954;25700;0;560;597;0;1447;2102;0;1799;3754;0;2238;5774;0;2764;4113;0;1490;1602;0;1690;3290;0;1281;5320;0;197332;3701;0;39816;5;0
2021-02-04T23:59:59+01:00;0;;KeineZuordnung;2804;;2158;;646;;24;37;0;148;189;0;164;350;0;144;425;0;90;219;0;27;41;0;39;87;0;42;132;0;4;10;0;37;53;0;57;95;0;54;141;0;32;68;0;8;16;0;8;15;0;6;42;0;2126;32;0;646;0;0
2021-02-04T23:59:59+01:00;1;294436;Burgenland;8100;2.75;6436;2.19;1664;0.57;165;157;0;236;410;0;264;759;0;318;1228;0;445;707;0;212;175;0;192;377;0;130;661;0;14;25;0;39;67;0;66;133;0;85;244;0;121;170;0;82;70;0;82;156;0;53;257;0;6435;1;0;1664;0;0
2021-02-04T23:59:59+01:00;2;561293;Kärnten;21016;3.74;14956;2.66;6060;1.08;52;144;0;266;539;0;412;1132;0;552;1698;0;825;1272;0;569;536;0;572;1069;0;1603;3715;0;29;48;0;75;145;0;135;366;0;244;629;0;408;579;0;384;409;0;379;705;0;293;1232;0;14931;25;0;6059;1;0
2021-02-04T23:59:59+01:00;3;1684287;Niederösterreich;52969;3.14;39850;2.37;13119;0.78;1329;1175;0;1674;2526;0;1826;4529;0;2445;6829;0;2764;4544;0;1286;1322;0;1270;2281;0;806;3244;0;163;200;0;461;687;0;679;1553;0;882;2352;0;1026;1513;0;397;423;0;413;785;0;294;1291;0;39820;30;0;13119;0;0
2021-02-04T23:59:59+01:00;4;1490279;Oberösterreich;49841;3.34;42740;2.87;7101;0.48;277;374;0;768;1351;0;1000;2517;0;1301;3839;0;1908;2938;0;1200;1421;0;5334;7882;0;3372;7258;0;71;62;0;145;257;0;219;513;0;318;898;0;432;711;0;313;415;0;411;807;0;325;1204;0;40836;1904;0;7101;0;0
2021-02-04T23:59:59+01:00;5;558410;Salzburg;13248;2.37;9789;1.75;3459;0.62;127;206;0;385;594;0;466;877;0;512;1346;0;600;955;0;357;380;0;510;818;0;373;1283;0;31;49;0;169;234;0;217;314;0;228;470;0;248;351;0;130;128;0;161;223;0;113;393;0;9746;43;0;3459;0;0
2021-02-04T23:59:59+01:00;6;1246395;Steiermark;22696;1.82;18741;1.5;3955;0.32;191;255;0;469;807;0;593;1440;0;943;2110;0;1234;1763;0;1084;1113;0;1185;2010;0;714;2830;0;37;58;0;90;187;0;126;304;0;180;439;0;263;352;0;229;224;0;248;420;0;147;651;0;18725;16;0;3955;0;0
2021-02-04T23:59:59+01:00;7;757634;Tirol;16901;2.23;13526;1.79;3375;0.45;206;264;0;612;881;0;644;1201;0;839;1774;0;849;1231;0;472;465;0;707;1189;0;537;1655;0;36;56;0;178;261;0;184;323;0;221;510;0;207;311;0;101;97;0;122;227;0;110;431;0;11888;1638;0;3371;4;0
2021-02-04T23:59:59+01:00;8;397139;Vorarlberg;13683;3.45;9912;2.5;3771;0.95;264;273;0;265;503;0;307;878;0;473;1444;0;663;1362;0;527;573;0;472;705;0;284;919;0;168;161;0;154;257;0;168;449;0;230;662;0;303;520;0;164;125;0;94;127;0;40;149;0;9911;1;0;3771;0;0
2021-02-04T23:59:59+01:00;9;1911191;Wien;54375;2.85;46210;2.42;8165;0.43;1187;1312;0;3008;4052;0;2463;4930;1;2482;6796;0;2670;4858;0;1124;1367;0;1447;3019;0;1203;4291;0;114;84;0;517;538;0;422;613;0;400;928;0;505;689;0;234;312;0;384;851;0;334;1240;0;46176;34;0;8165;0;0
2021-02-04T23:59:59+01:00;10;8901064;Österreich;255633;2.87;204318;2.3;51315;0.58;3822;4197;0;7831;11852;0;8139;18613;1;10009;27489;0;12048;19849;0;6858;7393;0;11728;19437;0;9064;25988;0;667;753;0;1865;2686;0;2273;4663;0;2842;7273;0;3545;5264;0;2042;2219;0;2302;4316;0;1715;6890;0;200594;3724;0;51310;5;0
2021-02-05T23:59:59+01:00;0;;KeineZuordnung;2993;;2199;;794;;25;37;0;149;192;0;171;357;0;147;431;0;91;221;0;28;43;0;39;91;0;42;135;0;6;15;0;52;69;0;71;119;0;59;169;0;47;76;0;9;20;0;9;17;0;8;48;0;2166;33;0;794;0;0
2021-02-05T23:59:59+01:00;1;294436;Burgenland;8565;2.91;6520;2.21;2045;0.69;175;160;0;241;418;0;271;769;0;323;1241;0;448;708;0;213;179;0;193;381;0;133;667;0;20;38;0;57;101;0;92;183;0;112;308;0;141;199;0;93;78;0;88;174;0;61;300;0;6518;2;0;2045;0;0
2021-02-05T23:59:59+01:00;2;561293;Kärnten;21533;3.84;15369;2.74;6164;1.1;55;147;0;271;546;0;418;1151;0;569;1723;0;829;1283;0;577;543;0;660;1192;0;1644;3761;0;30;50;0;79;149;0;141;376;0;251;646;0;418;589;0;390;415;0;382;711;0;295;1242;0;15285;84;0;6163;1;0
2021-02-05T23:59:59+01:00;3;1684287;Niederösterreich;55936;3.32;41451;2.46;14485;0.86;1349;1261;0;1731;2676;0;1888;4823;0;2528;7224;0;2854;4805;0;1320;1348;0;1286;2295;0;809;3254;0;193;255;0;518;793;0;759;1690;0;986;2583;0;1122;1676;0;441;458;0;449;844;0;315;1403;0;41313;138;0;14485;0;0
2021-02-05T23:59:59+01:00;4;1490279;Oberösterreich;55148;3.7;44546;2.99;10602;0.71;293;455;0;926;1649;0;1116;2797;0;1409;4200;0;2018;3102;0;1214;1426;0;5361;7907;0;3384;7289;0;102;120;0;315;488;0;403;860;0;496;1478;0;708;1138;0;431;551;0;519;1055;0;389;1549;0;42641;1905;0;10602;0;0
2021-02-05T23:59:59+01:00;5;558410;Salzburg;14716;2.64;10200;1.83;4516;0.81;134;213;0;394;611;0;482;906;0;529;1398;0;625;1001;0;378;399;0;540;858;0;389;1343;0;41;62;0;200;262;0;251;395;0;265;593;0;316;455;0;171;184;0;229;343;0;165;584;0;10155;45;0;4516;0;0
2021-02-05T23:59:59+01:00;6;1246395;Steiermark;24332;1.95;19409;1.56;4923;0.39;204;279;0;492;851;0;632;1516;0;966;2228;0;1273;1827;0;1113;1144;0;1224;2056;0;730;2874;0;47;74;0;118;235;0;180;394;0;229;555;0;351;447;0;290;287;0;306;491;0;170;749;0;19393;16;0;4923;0;0
2021-02-05T23:59:59+01:00;7;757634;Tirol;18170;2.4;13921;1.84;4249;0.56;208;273;0;617;902;0;652;1221;0;853;1808;0;866;1261;0;487;482;0;739;1245;0;567;1740;0;41;73;0;223;339;0;237;423;0;288;616;0;252;386;0;118;119;0;155;292;0;140;547;0;12248;1653;20;4233;4;12
2021-02-05T23:59:59+01:00;8;397139;Vorarlberg;13808;3.48;10010;2.52;3798;0.96;265;275;0;265;503;0;309;879;0;482;1452;0;677;1367;0;543;583;0;489;713;0;287;921;0;168;161;0;156;260;0;168;449;0;234;664;0;306;524;0;166;125;0;98;128;0;42;149;0;10009;1;0;3798;0;0
2021-02-05T23:59:59+01:00;9;1911191;Wien;58059;3.04;46718;2.44;11341;0.59;1202;1326;0;3050;4102;0;2489;4989;1;2517;6883;0;2701;4917;0;1134;1380;0;1458;3051;0;1209;4309;0;246;195;0;738;795;0;625;935;0;590;1411;0;752;1078;0;363;450;0;469;958;0;365;1371;0;46662;56;0;11341;0;0
2021-02-05T23:59:59+01:00;10;8901064;Österreich;273260;3.07;210343;2.36;62917;0.71;3910;4426;0;8136;12450;0;8428;19408;1;10323;28588;0;12382;20492;0;7007;7527;0;11989;19789;0;9194;26293;0;894;1043;0;2456;3491;0;2927;5824;0;3510;9023;0;4413;6568;0;2472;2687;0;2704;5013;0;1950;7942;0;206390;3933;20;62900;5;12
2021-02-06T23:59:59+01:00;0;;KeineZuordnung;3045;;2213;;832;;25;38;0;150;192;0;171;358;0;148;434;0;95;222;0;28;43;0;39;92;0;42;136;0;8;16;0;56;73;0;74;124;0;60;173;0;48;84;0;10;20;0;9;18;0;9;50;0;2179;33;1;832;0;0
2021-02-06T23:59:59+01:00;1;294436;Burgenland;8833;3;6580;2.23;2253;0.77;184;162;0;241;421;0;273;785;0;326;1246;0;450;712;0;213;180;0;195;385;0;133;674;0;21;43;0;62;112;0;99;205;0;118;343;0;155;221;0;100;81;0;97;190;0;71;335;0;6578;2;0;2253;0;0
2021-02-06T23:59:59+01:00;2;561293;Kärnten;22744;4.05;15430;2.75;7314;1.3;55;147;0;273;549;0;419;1156;0;569;1726;0;832;1286;0;577;543;0;670;1202;0;1650;3776;0;32;52;0;82;153;0;147;387;0;258;669;0;436;597;0;397;416;0;395;745;0;686;1862;0;15346;84;0;7313;1;0
2021-02-06T23:59:59+01:00;3;1684287;Niederösterreich;57746;3.43;42792;2.54;14954;0.89;1421;1334;0;1777;2782;0;1938;5039;0;2591;7524;0;2931;5001;0;1375;1388;0;1301;2314;0;816;3260;0;204;284;0;548;824;0;785;1753;0;1011;2654;0;1150;1731;0;459;468;0;460;874;0;326;1423;0;42654;138;0;14954;0;0
2021-02-06T23:59:59+01:00;4;1490279;Oberösterreich;55330;3.71;44560;2.99;10770;0.72;293;455;0;927;1649;0;1116;2797;0;1411;4202;0;2019;3103;0;1214;1426;0;5363;7910;0;3384;7291;0;104;126;0;317;493;0;412;874;0;500;1492;0;723;1156;0;435;559;0;526;1075;0;396;1582;0;42654;1906;0;10770;0;0
2021-02-06T23:59:59+01:00;5;558410;Salzburg;14776;2.65;10212;1.83;4564;0.82;134;213;0;394;612;0;483;906;0;529;1398;0;627;1001;0;378;399;0;540;860;0;391;1347;0;42;63;0;201;266;0;252;397;0;265;594;0;321;463;0;178;189;0;230;346;0;169;588;0;10167;45;0;4564;0;0
2021-02-06T23:59:59+01:00;6;1246395;Steiermark;24799;1.99;19551;1.57;5248;0.42;206;281;0;493;855;0;637;1522;0;967;2245;0;1283;1835;0;1118;1150;0;1236;2078;0;742;2903;0;48;78;0;126;250;0;194;423;0;243;598;0;369;477;0;301;305;0;324;524;0;178;810;0;19535;16;0;5248;0;0
2021-02-06T23:59:59+01:00;7;757634;Tirol;18605;2.46;14100;1.86;4505;0.59;208;273;0;619;902;0;656;1224;0;856;1816;0;873;1271;0;494;489;0;775;1282;0;577;1785;0;44;73;0;226;347;0;248;431;0;303;634;0;264;405;0;135;128;0;175;330;0;151;611;0;12371;1653;76;4489;4;12
2021-02-06T23:59:59+01:00;8;397139;Vorarlberg;13998;3.52;10040;2.53;3958;1;265;275;0;266;504;0;310;880;0;482;1453;0;677;1367;0;545;584;0;489;713;0;295;935;0;171;163;0;158;264;0;171;457;0;243;680;0;321;536;0;188;138;0;118;140;0;48;162;0;10016;24;0;3956;2;0
2021-02-06T23:59:59+01:00;9;1911191;Wien;60029;3.14;46974;2.46;13055;0.68;1214;1340;0;3067;4125;0;2500;5020;1;2529;6929;0;2723;4960;0;1139;1389;0;1462;3058;0;1209;4309;0;317;303;0;864;1014;0;716;1173;0;692;1686;0;873;1307;0;417;506;0;481;965;0;367;1374;0;46918;56;0;13055;0;0
2021-02-06T23:59:59+01:00;10;8901064;Österreich;279905;3.14;212452;2.39;67453;0.76;4005;4518;0;8207;12591;0;8503;19687;1;10408;28973;0;12510;20758;0;7081;7591;0;12070;19894;0;9239;26416;0;991;1201;0;2640;3796;0;3098;6224;0;3693;9523;0;4660;6977;0;2620;2810;0;2815;5207;0;2401;8797;0;208418;3957;77;67434;7;12
2021-02-07T23:59:59+01:00;0;;KeineZuordnung;3096;;2230;;866;;25;38;0;150;192;0;171;359;0;148;435;0;95;222;0;28;43;0;39;92;0;43;150;0;12;18;0;57;74;0;76;128;0;62;177;0;49;86;0;11;20;0;9;21;0;12;54;0;2182;47;1;866;0;0
2021-02-07T23:59:59+01:00;1;294436;Burgenland;8942;3.04;6583;2.24;2359;0.8;184;162;0;241;421;0;273;786;0;326;1247;0;450;713;0;213;180;0;195;385;0;133;674;0;21;46;0;65;113;0;104;215;0;124;359;0;177;237;0;106;81;0;98;195;0;72;346;0;6581;2;0;2359;0;0
2021-02-07T23:59:59+01:00;2;561293;Kärnten;23475;4.18;15467;2.76;8008;1.43;55;147;0;274;549;0;419;1158;0;571;1726;0;833;1289;0;581;545;0;672;1212;0;1653;3783;0;35;55;0;83;155;0;150;396;0;263;678;0;447;604;0;403;416;0;435;799;0;887;2202;0;15383;84;0;8007;1;0
2021-02-07T23:59:59+01:00;3;1684287;Niederösterreich;58412;3.47;43008;2.55;15404;0.91;1425;1341;0;1786;2794;0;1946;5071;0;2605;7562;0;2942;5043;0;1386;1397;0;1308;2323;0;817;3262;0;226;318;0;569;855;0;808;1810;0;1041;2749;0;1192;1793;0;477;479;0;463;874;0;326;1424;0;42870;138;0;15404;0;0
2021-02-07T23:59:59+01:00;4;1490279;Oberösterreich;55388;3.72;44583;2.99;10805;0.73;293;455;0;928;1650;0;1117;2798;0;1412;4202;0;2021;3103;0;1215;1427;0;5363;7912;0;3385;7302;0;108;129;0;320;496;0;412;875;0;501;1493;0;725;1158;0;436;560;0;526;1077;0;397;1592;0;42677;1906;0;10805;0;0
2021-02-07T23:59:59+01:00;5;558410;Salzburg;14996;2.69;10276;1.84;4720;0.85;135;213;0;396;612;0;485;909;0;532;1401;0;630;1007;0;385;413;0;544;868;0;392;1354;0;43;64;0;201;269;0;252;403;0;271;611;0;327;473;0;188;199;0;242;367;0;183;627;0;10231;45;0;4720;0;0
2021-02-07T23:59:59+01:00;6;1246395;Steiermark;25204;2.02;19635;1.58;5569;0.45;206;282;0;494;857;0;640;1525;0;972;2253;0;1287;1844;0;1126;1156;0;1241;2090;0;748;2914;0;52;78;0;129;255;0;203;444;0;263;629;0;405;513;0;322;327;0;343;551;0;190;865;0;19619;16;0;5569;0;0
2021-02-07T23:59:59+01:00;7;757634;Tirol;19393;2.56;14344;1.89;5049;0.67;210;276;0;622;919;0;660;1242;0;869;1860;0;883;1303;0;505;501;0;789;1303;0;586;1816;0;48;77;0;232;355;0;266;458;0;328;681;0;298;444;0;167;168;0;236;415;0;191;685;0;12614;1654;76;5033;4;12
2021-02-07T23:59:59+01:00;8;397139;Vorarlberg;15110;3.8;11150;2.81;3960;1;266;275;0;267;504;0;310;880;0;484;1453;0;680;1368;0;549;587;0;495;730;0;683;1619;0;171;163;0;158;264;0;171;457;0;244;680;0;321;536;0;189;139;0;118;140;0;47;162;0;10017;1133;0;3959;1;0
2021-02-07T23:59:59+01:00;9;1911191;Wien;62277;3.26;47016;2.46;15261;0.8;1217;1343;0;3068;4126;0;2504;5023;1;2534;6933;0;2729;4965;0;1141;1391;0;1464;3059;0;1209;4309;0;441;464;0;1033;1211;0;825;1468;0;815;2052;0;1020;1632;0;486;581;0;501;981;0;371;1380;0;46960;56;0;15261;0;0
2021-02-07T23:59:59+01:00;10;8901064;Österreich;286293;3.22;214292;2.41;72001;0.81;4016;4532;0;8226;12624;0;8525;19751;1;10453;29072;0;12550;20857;0;7129;7640;0;12110;19974;0;9649;27183;0;1157;1412;0;2847;4047;0;3267;6654;0;3912;10109;0;4961;7476;0;2785;2970;0;2971;5420;0;2676;9337;0;209134;5081;77;71983;6;12
2021-02-08T23:59:59+01:00;0;;KeineZuordnung;2951;;2307;;644;;11;17;0;92;130;0;118;270;0;121;314;0;77;157;0;45;64;0;184;223;0;152;332;0;4;5;0;41;42;0;62;106;0;53;138;0;32;67;0;14;23;0;14;14;0;10;19;0;2271;36;0;644;0;0
2021-02-08T23:59:59+01:00;1;294436;Burgenland;9248;3.14;6656;2.26;2592;0.88;188;169;0;252;413;0;276;792;0;334;1256;0;457;717;0;216;182;0;193;389;0;132;690;0;24;53;0;74;122;0;110;234;0;138;392;0;186;263;0;113;86;0;106;214;0;78;399;0;6647;4;5;2592;0;0
2021-02-08T23:59:59+01:00;2;561293;Kärnten;24375;4.34;16240;2.89;8135;1.45;60;154;0;299;582;0;447;1224;0;599;1869;0;869;1372;0;581;546;0;771;1360;0;1683;3824;0;34;58;0;98;164;0;159;412;0;270;702;0;456;622;0;405;418;0;432;804;0;891;2210;0;15851;388;1;8134;1;0
2021-02-08T23:59:59+01:00;3;1684287;Niederösterreich;60543;3.59;44019;2.61;16524;0.98;1454;1362;0;1812;2882;0;2007;5238;0;2674;7811;0;3004;5162;0;1417;1430;0;1335;2356;0;822;3253;0;260;377;0;617;945;0;869;1954;0;1123;2965;0;1278;1932;0;508;500;0;486;905;0;336;1469;0;43628;337;54;16524;0;0
2021-02-08T23:59:59+01:00;4;1490279;Oberösterreich;55250;3.71;44155;2.96;11095;0.74;293;452;0;925;1645;0;1117;2792;0;1414;4200;0;2019;3103;0;1205;1409;0;5235;7812;0;3324;7210;0;115;129;0;323;506;0;411;888;0;510;1516;0;739;1191;0;461;590;0;541;1123;0;410;1642;0;42246;1906;3;11095;0;0
2021-02-08T23:59:59+01:00;5;558410;Salzburg;15856;2.84;10624;1.9;5232;0.94;136;235;0;428;656;0;503;956;0;551;1449;0;642;1046;0;392;431;0;551;893;0;386;1369;0;49;85;0;234;329;0;281;476;0;305;684;0;363;514;0;198;214;0;254;394;0;190;662;0;10580;44;0;5232;0;0
2021-02-08T23:59:59+01:00;6;1246395;Steiermark;27044;2.17;20311;1.63;6733;0.54;209;283;0;500;865;0;666;1576;0;999;2325;0;1323;1894;0;1179;1201;0;1308;2171;0;790;3022;0;61;80;0;144;280;0;230;519;0;312;774;0;472;625;0;377;403;0;426;695;0;252;1083;0;20293;17;1;6733;0;0
2021-02-08T23:59:59+01:00;7;757634;Tirol;20151;2.66;14637;1.93;5514;0.73;219;285;0;632;931;0;670;1249;0;873;1894;0;893;1329;0;527;510;0;822;1354;0;598;1851;0;58;81;0;245;383;0;277;477;0;339;725;0;325;477;0;182;176;0;288;492;0;226;763;0;12898;1660;79;5498;4;12
2021-02-08T23:59:59+01:00;8;397139;Vorarlberg;15283;3.85;11192;2.82;4091;1.03;263;279;0;270;496;0;311;885;0;486;1458;0;683;1376;0;548;589;0;498;735;0;683;1632;0;170;167;0;159;266;0;171;465;0;248;694;0;328;556;0;193;149;0;132;161;0;53;179;0;10047;1145;0;4090;1;0
2021-02-08T23:59:59+01:00;9;1911191;Wien;66694;3.49;47758;2.5;18936;0.99;1333;1398;0;3165;4232;0;2556;5096;1;2576;7004;0;2786;5046;0;1143;1408;0;1458;3060;0;1200;4296;0;603;654;0;1288;1542;0;1029;1897;0;1011;2622;0;1227;2063;0;585;699;0;574;1142;0;411;1589;0;47440;84;234;18933;0;3
2021-02-08T23:59:59+01:00;10;8901064;Österreich;297395;3.34;217899;2.45;79496;0.89;4166;4634;0;8375;12832;0;8671;20078;1;10627;29580;0;12753;21202;0;7253;7770;0;12355;20353;0;9770;27479;0;1378;1689;0;3223;4579;0;3599;7428;0;4309;11212;0;5406;8310;0;3036;3258;0;3253;5944;0;2857;10015;0;211901;5621;377;79475;6;15
2021-02-09T23:59:59+01:00;0;;KeineZuordnung;3129;;2351;;778;;11;18;0;92;132;0;120;279;0;122;321;0;77;160;0;45;64;0;186;229;0;154;341;0;4;6;0;53;57;0;67;137;0;69;151;0;33;72;0;15;23;0;25;26;0;15;25;0;2313;38;0;778;0;0
2021-02-09T23:59:59+01:00;1;294436;Burgenland;10633;3.61;6755;2.29;3878;1.32;194;177;0;255;421;0;280;803;0;340;1276;0;464;726;0;221;188;0;197;391;0;132;690;0;65;76;0;117;209;0;157;450;0;192;730;0;274;418;0;133;106;0;128;260;0;91;472;0;6745;5;5;3878;0;0
2021-02-09T23:59:59+01:00;2;561293;Kärnten;25712;4.58;16714;2.98;8998;1.6;61;156;0;303;589;0;454;1236;0;601;1901;0;873;1383;0;581;548;0;888;1538;0;1723;3879;0;37;72;0;138;258;0;226;569;0;333;935;0;514;743;0;410;421;0;433;807;0;891;2211;0;16301;412;1;8996;2;0
2021-02-09T23:59:59+01:00;3;1684287;Niederösterreich;64031;3.8;45393;2.7;18638;1.11;1464;1397;0;1842;3015;0;2051;5457;0;2729;8111;0;3063;5353;0;1456;1467;0;1389;2429;0;857;3313;0;292;433;0;695;1084;0;962;2167;0;1250;3315;0;1435;2185;0;584;599;0;578;1053;0;382;1624;0;44835;504;54;18638;0;0
2021-02-09T23:59:59+01:00;4;1490279;Oberösterreich;57106;3.83;44299;2.97;12807;0.86;294;452;0;931;1658;0;1121;2813;0;1426;4223;0;2033;3112;0;1210;1414;0;5247;7821;0;3326;7218;0;119;137;0;333;525;0;419;922;0;534;1564;0;770;1222;0;473;597;0;939;1650;0;633;1970;0;42389;1907;3;12807;0;0
2021-02-09T23:59:59+01:00;5;558410;Salzburg;17184;3.08;10939;1.96;6245;1.12;141;240;0;438;672;0;521;981;0;567;1493;0;667;1071;0;400;438;0;562;926;0;401;1421;0;62;118;0;263;383;0;317;558;0;354;830;0;421;608;0;237;252;0;293;497;0;237;815;0;10888;51;0;6244;1;0
2021-02-09T23:59:59+01:00;6;1246395;Steiermark;29742;2.39;21043;1.69;8699;0.7;216;296;0;516;881;0;697;1630;0;1031;2393;0;1353;1946;0;1213;1250;0;1368;2266;0;841;3146;0;86;103;0;209;376;0;311;686;0;435;1016;0;581;782;0;477;493;0;526;895;0;337;1386;0;21025;17;1;8699;0;0
2021-02-09T23:59:59+01:00;7;757634;Tirol;21329;2.82;14801;1.95;6528;0.86;221;289;0;643;939;0;674;1261;0;887;1915;0;905;1345;0;533;519;0;826;1371;0;603;1870;0;63;86;0;265;422;0;306;534;0;382;865;0;382;574;0;221;218;0;355;612;0;276;967;0;13061;1660;80;6512;4;12
2021-02-09T23:59:59+01:00;8;397139;Vorarlberg;15451;3.89;11196;2.82;4255;1.07;263;279;0;271;496;0;312;885;0;486;1458;0;683;1376;0;548;589;0;499;735;0;683;1633;0;173;171;0;160;272;0;176;469;0;257;708;0;343;583;0;204;159;0;143;180;0;61;196;0;10049;1147;0;4254;1;0
2021-02-09T23:59:59+01:00;9;1911191;Wien;69081;3.61;48146;2.52;20935;1.1;1346;1405;0;3188;4266;0;2577;5140;1;2599;7070;0;2803;5087;0;1156;1421;0;1483;3095;0;1201;4308;0;622;694;0;1434;1777;0;1182;2132;0;1130;2929;0;1363;2285;0;616;728;0;620;1251;0;440;1732;0;47798;108;240;20932;0;3
2021-02-09T23:59:59+01:00;10;8901064;Österreich;313398;3.52;221637;2.49;91761;1.03;4211;4709;0;8479;13069;0;8807;20485;1;10788;30161;0;12921;21559;0;7363;7898;0;12645;20801;0;9921;27819;0;1523;1896;0;3667;5363;0;4123;8624;0;4936;13043;0;6116;9472;0;3370;3596;0;4040;7231;0;3363;11398;0;215404;5849;384;91738;8;15
2021-02-10T23:59:59+01:00;0;;KeineZuordnung;3313;;2413;;900;;11;20;0;94;136;0;127;296;0;125;329;0;80;163;0;46;64;0;187;233;0;155;347;0;5;7;0;58;65;0;79;154;0;75;173;0;38;82;0;16;24;0;36;36;0;20;32;0;2372;41;0;900;0;0
2021-02-10T23:59:59+01:00;1;294436;Burgenland;11528;3.92;6873;2.33;4655;1.58;202;180;0;257;433;0;282;815;0;343;1305;0;473;742;0;222;192;0;198;394;0;134;701;0;77;94;0;147;277;0;182;547;0;230;920;0;322;525;0;149;132;0;140;293;0;99;521;0;6856;5;12;4655;0;0
2021-02-10T23:59:59+01:00;2;561293;Kärnten;27020;4.81;17029;3.03;9991;1.78;68;160;0;309;598;0;457;1246;0;606;1924;0;883;1390;0;583;552;0;911;1579;0;1784;3979;0;48;91;0;201;341;0;300;735;0;419;1148;0;614;873;0;439;431;0;438;808;0;894;2211;0;16586;441;2;9989;2;0
2021-02-10T23:59:59+01:00;3;1684287;Niederösterreich;69667;4.14;46899;2.78;22768;1.35;1517;1463;0;1888;3119;0;2095;5659;0;2797;8470;0;3135;5571;0;1528;1520;0;1445;2483;0;868;3341;0;583;596;0;899;1328;0;1135;2490;0;1449;3857;0;1670;2564;0;731;761;0;759;1366;0;493;2087;0;46134;632;133;22768;0;0
2021-02-10T23:59:59+01:00;4;1490279;Oberösterreich;59015;3.96;44581;2.99;14434;0.97;297;455;0;942;1672;0;1137;2841;0;1435;4263;0;2049;3153;0;1221;1428;0;5255;7851;0;3334;7248;0;126;145;0;345;545;0;446;960;0;554;1626;0;794;1271;0;481;622;0;1285;2119;0;826;2289;0;42662;1912;7;14434;0;0
2021-02-10T23:59:59+01:00;5;558410;Salzburg;18499;3.31;11157;2.00;7342;1.31;143;243;0;445;686;0;534;1010;0;581;1525;0;692;1095;0;409;447;0;569;939;0;406;1433;0;83;139;0;294;446;0;369;666;0;403;988;0;484;741;0;282;298;0;348;589;0;271;941;0;11043;113;1;7340;2;0
2021-02-10T23:59:59+01:00;6;1246395;Steiermark;32343;2.59;21837;1.75;10506;0.84;220;305;0;531;916;0;715;1680;0;1065;2474;0;1429;2006;0;1266;1308;0;1437;2354;0;877;3254;0;107;128;0;254;454;0;375;823;0;520;1205;0;721;943;0;588;613;0;661;1086;0;404;1624;0;21738;71;28;10504;1;1
2021-02-10T23:59:59+01:00;7;757634;Tirol;23064;3.04;15222;2.01;7842;1.04;224;293;0;653;959;0;680;1283;0;903;1970;0;929;1389;0;552;543;0;858;1432;0;624;1930;0;84;107;0;304;492;0;332;634;0;440;1007;0;459;691;0;266;286;0;434;755;0;353;1198;0;13421;1721;80;7826;4;12
2021-02-10T23:59:59+01:00;8;397139;Vorarlberg;16347;4.12;11202;2.82;5145;1.30;263;279;0;271;496;0;312;885;0;487;1459;0;683;1378;0;548;589;0;499;736;0;683;1634;0;179;186;0;169;303;0;192;526;0;293;794;0;388;680;0;279;251;0;220;282;0;95;308;0;10055;1147;0;5144;1;0
2021-02-10T23:59:59+01:00;9;1911191;Wien;73434;3.84;49667;2.60;23767;1.24;1405;1451;0;3313;4398;0;2657;5298;1;2659;7278;0;2891;5243;0;1180;1467;0;1530;3192;0;1230;4474;0;687;784;0;1683;2083;0;1361;2516;0;1295;3400;0;1525;2598;0;656;779;0;665;1359;0;476;1900;0;49068;110;489;23761;0;6
2021-02-10T23:59:59+01:00;10;8901064;Österreich;334230;3.75;226880;2.55;107350;1.21;4350;4849;0;8703;13413;0;8996;21013;1;11001;30997;0;13244;22130;0;7555;8110;0;12889;21193;0;10095;28341;0;1979;2277;0;4354;6334;0;4771;10051;0;5678;15118;0;7015;10968;0;3887;4197;0;4986;8693;0;3931;13111;0;219935;6193;752;107321;10;19
2021-02-11T23:59:59+01:00;0;;KeineZuordnung;3526;;2465;;1061;;11;21;0;98;140;0;131;309;0;127;339;0;83;165;0;47;66;0;187;235;0;156;350;0;7;8;0;65;77;0;88;185;0;88;203;0;41;98;0;17;26;0;51;50;0;22;35;0;2420;42;3;1061;0;0
2021-02-11T23:59:59+01:00;1;294436;Burgenland;11975;4.07;6946;2.36;5029;1.71;205;189;0;260;440;0;287;818;0;349;1321;0;475;751;0;225;192;0;200;399;0;134;701;0;89;103;0;163;291;0;195;577;0;245;986;0;344;566;0;160;141;0;160;325;0;114;570;0;6916;8;22;5029;0;0
2021-02-11T23:59:59+01:00;2;561293;Kärnten;27830;4.96;17158;3.06;10672;1.9;69;160;0;311;599;0;460;1251;0;608;1941;0;887;1395;0;584;552;0;923;1597;0;1801;4020;0;48;103;0;237;419;0;350;843;0;469;1302;0;692;952;0;467;436;0;440;808;0;894;2212;0;16691;464;3;10670;2;0
2021-02-11T23:59:59+01:00;3;1684287;Niederösterreich;74851;4.44;48669;2.89;26182;1.55;1616;1525;0;1966;3251;0;2151;5857;0;2886;8765;0;3235;5833;0;1616;1574;0;1504;2573;0;895;3422;0;820;696;0;1064;1503;0;1263;2786;0;1637;4341;0;1877;2891;0;869;889;0;897;1632;0;588;2429;0;47517;669;483;26178;1;3
2021-02-11T23:59:59+01:00;4;1490279;Oberösterreich;62110;4.17;44994;3.02;17116;1.15;358;484;0;999;1692;0;1167;2868;0;1463;4286;0;2095;3169;0;1246;1440;0;5268;7863;0;3337;7259;0;134;176;0;424;665;0;501;1156;0;619;1845;0;859;1380;0;492;637;0;1713;2718;0;1077;2720;0;42786;1966;242;17116;0;0
2021-02-11T23:59:59+01:00;5;558410;Salzburg;19585;3.51;11478;2.06;8107;1.45;159;251;0;460;708;0;554;1040;0;613;1554;0;719;1126;0;423;456;0;580;967;0;414;1454;0;90;147;0;310;484;0;384;726;0;435;1078;0;522;820;0;306;332;0;396;691;0;309;1077;0;11354;121;3;8105;2;0
2021-02-11T23:59:59+01:00;6;1246395;Steiermark;35618;2.86;22843;1.83;12775;1.02;231;317;0;549;949;0;742;1747;0;1106;2598;0;1499;2097;0;1326;1372;0;1510;2477;0;929;3394;0;129;162;0;306;543;0;441;994;0;624;1456;0;853;1149;0;719;747;0;808;1351;0;498;1995;0;22637;151;55;12773;1;1
2021-02-11T23:59:59+01:00;7;757634;Tirol;23989;3.17;15450;2.04;8539;1.13;229;299;0;663;978;0;690;1314;0;909;1997;0;941;1407;0;570;561;0;875;1446;0;628;1943;0;86;123;0;343;543;0;360;703;0;497;1109;0;486;744;0;292;309;0;450;829;0;386;1279;0;13551;1753;146;8523;4;12
2021-02-11T23:59:59+01:00;8;397139;Vorarlberg;16985;4.28;11301;2.85;5684;1.43;263;279;0;273;498;0;313;892;0;489;1471;0;689;1392;0;555;595;0;506;748;0;687;1651;0;183;194;0;173;315;0;200;554;0;302;853;0;413;753;0;312;294;0;262;350;0;118;408;0;10153;1147;1;5683;1;0
2021-02-11T23:59:59+01:00;9;1911191;Wien;78723;4.12;50478;2.64;28245;1.48;1427;1480;0;3374;4517;0;2709;5399;1;2699;7430;0;2929;5346;0;1192;1474;0;1545;3216;0;1240;4500;0;773;862;0;1953;2475;0;1578;2981;0;1533;4039;0;1779;3016;0;755;942;0;828;1734;0;605;2392;0;49659;111;708;28230;0;15
2021-02-11T23:59:59+01:00;10;8901064;Österreich;355192;3.99;231782;2.6;123410;1.39;4568;5005;0;8953;13772;0;9204;21495;1;11249;31702;0;13552;22681;0;7784;8282;0;13098;21521;0;10221;28694;0;2359;2574;0;5038;7315;0;5360;11505;0;6449;17212;0;7866;12369;0;4389;4753;0;6005;10488;0;4611;15117;0;223684;6432;1666;123368;11;31
2021-02-12T23:59:59+01:00;0;;KeineZuordnung;3761;;2552;;1209;;11;24;0;104;151;0;134;323;0;134;358;0;94;174;0;49;66;0;187;236;0;156;351;0;9;9;0;74;84;0;93;206;0;95;235;0;44;109;0;20;29;0;66;63;0;30;43;0;2451;60;41;1209;0;0
2021-02-12T23:59:59+01:00;1;294436;Burgenland;12370;4.20;7039;2.39;5331;1.81;207;191;0;264;452;0;289;833;0;352;1342;0;479;758;0;228;196;0;204;403;0;136;705;0;90;109;0;173;318;0;209;633;0;264;1062;0;360;606;0;160;148;0;166;333;0;115;585;0;6971;23;45;5331;0;0
2021-02-12T23:59:59+01:00;2;561293;Kärnten;28339;5.05;17420;3.10;10919;1.95;69;166;0;315;608;0;471;1278;0;615;1963;0;892;1406;0;585;552;0;974;1663;0;1814;4049;0;48;109;0;253;447;0;362;899;0;486;1375;0;708;975;0;467;436;0;440;808;0;894;2212;0;16861;548;11;10917;2;0
2021-02-12T23:59:59+01:00;3;1684287;Niederösterreich;78965;4.69;50973;3.03;27992;1.66;1845;1672;0;2122;3450;0;2255;6119;0;3016;9147;0;3358;6118;0;1681;1661;0;1545;2630;0;908;3446;0;869;756;0;1164;1645;0;1351;3002;0;1764;4669;0;2004;3094;0;917;944;0;925;1709;0;627;2552;0;48820;698;1455;27986;1;5
2021-02-12T23:59:59+01:00;4;1490279;Oberösterreich;68845;4.62;46161;3.10;22684;1.52;480;551;0;1102;1770;0;1230;2954;0;1535;4373;0;2190;3246;0;1331;1473;0;5325;7917;0;3363;7321;0;174;225;0;497;829;0;605;1479;0;774;2359;0;1092;1798;0;695;844;0;2359;3679;0;1498;3777;0;43230;2124;807;22683;1;0
2021-02-12T23:59:59+01:00;5;558410;Salzburg;20474;3.67;11784;2.11;8690;1.56;163;258;0;472;723;0;571;1069;0;638;1590;0;747;1155;0;433;468;0;596;989;0;429;1483;0;97;167;0;322;527;0;407;783;0;465;1153;0;554;878;0;319;363;0;433;740;0;333;1149;0;11542;234;8;8688;2;0
2021-02-12T23:59:59+01:00;6;1246395;Steiermark;37562;3.01;23552;1.89;14010;1.12;238;326;0;563;975;0;764;1795;0;1142;2664;0;1551;2156;0;1384;1420;0;1575;2563;0;959;3477;0;137;175;0;333;595;0;478;1063;0;678;1614;0;939;1259;0;797;819;0;899;1502;0;553;2169;0;23228;240;84;14006;3;1
2021-02-12T23:59:59+01:00;7;757634;Tirol;24990;3.30;15971;2.11;9019;1.19;234;307;0;682;1011;0;697;1355;0;928;2074;0;972;1466;0;614;586;0;907;1487;0;645;2006;0;88;133;0;364;583;0;387;741;0;523;1179;0;510;780;0;300;330;0;483;876;0;407;1335;0;13860;1787;324;9003;4;12
2021-02-12T23:59:59+01:00;8;397139;Vorarlberg;18061;4.55;11570;2.91;6491;1.63;266;279;0;276;498;0;313;892;0;491;1473;0;690;1395;0;557;596;0;509;759;0;772;1804;0;207;214;0;188;348;0;223;605;0;340;971;0;465;864;0;355;342;0;300;431;0;144;494;0;10192;1377;1;6490;1;0
2021-02-12T23:59:59+01:00;9;1911191;Wien;83686;4.38;52258;2.73;31428;1.64;1468;1535;0;3477;4655;0;2788;5546;1;2777;7679;0;3009;5504;0;1234;1524;0;1597;3373;0;1312;4779;0;801;944;0;2151;2826;0;1737;3387;0;1706;4627;0;1969;3394;0;809;1000;0;905;1906;0;650;2616;0;50160;947;1151;31407;5;16
2021-02-12T23:59:59+01:00;10;8901064;Österreich;377053;4.24;239280;2.69;137773;1.55;4981;5309;0;9377;14293;0;9512;22164;1;11628;32663;0;13982;23378;0;8096;8542;0;13419;22020;0;10494;29421;0;2520;2841;0;5519;8202;0;5852;12798;0;7095;19244;0;8645;13757;0;4839;5255;0;6976;12047;0;5251;16932;0;227315;8038;3927;137720;19;34
2021-02-13T23:59:59+01:00;0;;KeineZuordnung;3825;;2578;;1247;;12;26;0;105;152;0;135;329;0;135;362;0;100;175;0;49;66;0;188;236;0;156;352;0;9;10;0;74;85;0;95;208;0;95;237;0;44;111;0;23;31;0;75;71;0;32;47;0;2458;60;60;1247;0;0
2021-02-13T23:59:59+01:00;1;294436;Burgenland;13320;4.52;7963;2.70;5357;1.82;275;239;0;300;531;0;320;1005;0;381;1552;0;515;942;0;239;201;0;206;405;0;138;714;0;90;110;0;176;319;0;209;636;0;268;1067;0;363;609;0;162;149;0;166;333;0;115;585;0;7039;23;901;5357;0;0
2021-02-13T23:59:59+01:00;2;561293;Kärnten;29610;5.28;17608;3.14;12002;2.14;69;166;0;317;613;0;476;1286;0;616;1967;0;894;1408;0;589;553;0;1015;1723;0;1835;4081;0;48;109;0;253;452;0;364;905;0;489;1384;0;713;979;0;472;442;0;462;855;0;1216;2859;0;17039;548;21;12000;2;0
2021-02-13T23:59:59+01:00;3;1684287;Niederösterreich;80912;4.80;52624;3.12;28288;1.68;1934;1774;0;2207;3563;0;2332;6297;0;3123;9396;0;3474;6377;0;1726;1701;0;1607;2701;0;931;3481;0;878;766;0;1185;1681;0;1368;3049;0;1787;4713;0;2022;3117;0;919;949;0;925;1730;0;627;2572;0;49768;698;2158;28282;1;5
2021-02-13T23:59:59+01:00;4;1490279;Oberösterreich;71673;4.81;47551;3.19;24122;1.62;796;682;0;1386;1864;0;1349;3033;0;1644;4443;0;2272;3297;0;1343;1479;0;5337;7927;0;3369;7330;0;185;236;0;508;853;0;620;1525;0;801;2439;0;1150;1893;0;747;912;0;2586;4007;0;1611;4049;0;43333;2124;2094;24120;1;1
2021-02-13T23:59:59+01:00;5;558410;Salzburg;20711;3.71;11825;2.12;8886;1.59;164;258;0;476;724;0;575;1072;0;645;1593;0;748;1158;0;436;470;0;600;994;0;429;1483;0;99;167;0;324;535;0;411;788;0;471;1172;0;572;898;0;331;372;0;450;773;0;343;1180;0;11570;234;21;8884;2;0
2021-02-13T23:59:59+01:00;6;1246395;Steiermark;38152;3.06;23741;1.90;14411;1.16;248;330;0;577;988;0;770;1816;0;1150;2679;0;1569;2175;0;1391;1429;0;1586;2579;0;968;3486;0;139;176;0;343;605;0;485;1101;0;695;1660;0;969;1300;0;832;847;0;917;1550;0;571;2221;0;23369;240;132;14407;3;1
2021-02-13T23:59:59+01:00;7;757634;Tirol;25550;3.37;16207;2.14;9343;1.23;240;309;0;686;1021;0;705;1388;0;939;2134;0;1006;1502;0;619;589;0;912;1495;0;646;2016;0;91;135;0;368;593;0;395;772;0;540;1244;0;525;825;0;311;341;0;511;904;0;422;1366;0;13962;1787;458;9327;4;12
2021-02-13T23:59:59+01:00;8;397139;Vorarlberg;19487;4.91;11696;2.95;7791;1.96;266;280;0;276;498;0;313;893;0;492;1477;0;692;1399;0;557;598;0;566;808;0;776;1805;0;222;225;0;207;383;0;245;696;0;381;1136;0;546;1095;0;443;452;0;366;539;0;197;658;0;10318;1377;1;7790;1;0
2021-02-13T23:59:59+01:00;9;1911191;Wien;84302;4.41;52580;2.75;31722;1.66;1501;1557;0;3516;4682;0;2804;5561;1;2798;7714;0;3026;5541;0;1250;1529;0;1604;3386;0;1317;4793;0;806;953;0;2180;2878;0;1769;3434;0;1733;4672;0;1983;3423;0;810;999;0;906;1906;0;652;2618;0;50346;949;1285;31701;5;16
2021-02-13T23:59:59+01:00;10;8901064;Österreich;387542;4.35;244373;2.75;143169;1.61;5505;5621;0;9846;14636;0;9779;22680;1;11923;33317;0;14296;23974;0;8199;8615;0;13621;22254;0;10565;29541;0;2567;2887;0;5618;8384;0;5961;13114;0;7260;19724;0;8887;14250;0;5050;5494;0;7364;12668;0;5786;18155;0;229202;8040;7131;143115;19;35
2021-02-14T23:59:59+01:00;0;;KeineZuordnung;3856;;2584;;1272;;12;26;0;106;152;0;135;329;0;135;363;0;100;175;0;49;66;0;188;236;0;158;354;0;9;10;0;74;85;0;98;208;0;95;241;0;45;113;0;23;31;0;79;73;0;36;52;0;2464;60;60;1272;0;0
2021-02-14T23:59:59+01:00;1;294436;Burgenland;13429;4.56;8010;2.72;5419;1.84;276;239;0;302;534;0;321;1006;0;383;1556;0;518;947;0;242;204;0;208;412;0;139;723;0;92;111;0;178;320;0;212;642;0;272;1070;0;373;615;0;167;153;0;168;335;0;117;594;0;7083;23;904;5419;0;0
2021-02-14T23:59:59+01:00;2;561293;Kärnten;30344;5.41;17636;3.14;12708;2.26;69;167;0;317;614;0;478;1291;0;617;1969;0;895;1412;0;591;554;0;1016;1726;0;1838;4082;0;48;110;0;253;452;0;366;909;0;489;1389;0;715;983;0;474;443;0;480;901;0;1427;3269;0;17064;551;21;12706;2;0
2021-02-14T23:59:59+01:00;3;1684287;Niederösterreich;81204;4.82;52829;3.14;28375;1.68;1936;1791;0;2216;3570;0;2338;6316;0;3127;9416;0;3484;6395;0;1735;1719;0;1635;2726;0;933;3492;0;878;767;0;1186;1680;0;1370;3052;0;1791;4716;0;2025;3120;0;924;952;0;932;1740;0;636;2606;0;49951;699;2179;28369;1;5
2021-02-14T23:59:59+01:00;4;1490279;Oberösterreich;72315;4.85;47759;3.20;24556;1.65;864;706;0;1413;1885;0;1368;3041;0;1660;4450;0;2282;3298;0;1345;1482;0;5337;7927;0;3370;7331;0;188;236;0;511;853;0;620;1533;0;802;2446;0;1152;1899;0;747;914;0;2697;4148;0;1667;4143;0;43344;2124;2291;24554;1;1
2021-02-14T23:59:59+01:00;5;558410;Salzburg;20809;3.73;11920;2.13;8889;1.59;164;258;0;479;728;0;575;1080;0;649;1602;0;752;1170;0;443;473;0;609;1006;0;436;1496;0;99;167;0;325;535;0;411;788;0;471;1173;0;573;898;0;331;372;0;450;773;0;343;1180;0;11664;234;22;8887;2;0
2021-02-14T23:59:59+01:00;6;1246395;Steiermark;38414;3.08;23808;1.91;14606;1.17;249;330;0;578;992;0;770;1823;0;1153;2689;0;1578;2180;0;1394;1432;0;1594;2582;0;970;3494;0;139;177;0;349;610;0;491;1111;0;708;1688;0;992;1317;0;849;856;0;927;1568;0;574;2250;0;23435;240;133;14602;3;1
2021-02-14T23:59:59+01:00;7;757634;Tirol;25839;3.41;16319;2.15;9520;1.26;243;310;0;689;1026;0;709;1395;0;949;2151;0;1013;1511;0;623;593;0;917;1505;0;652;2033;0;93;136;0;371;602;0;402;783;0;553;1262;0;537;839;0;319;345;0;522;923;0;430;1403;0;14057;1800;462;9504;4;12
2021-02-14T23:59:59+01:00;8;397139;Vorarlberg;19742;4.97;11698;2.95;8044;2.03;268;280;0;276;498;0;313;893;0;492;1477;0;692;1399;0;557;598;0;566;808;0;776;1805;0;224;228;0;211;386;0;250;708;0;395;1158;0;565;1128;0;457;480;0;383;567;0;211;693;0;10320;1377;1;8043;1;0
2021-02-14T23:59:59+01:00;9;1911191;Wien;84418;4.42;52646;2.75;31772;1.66;1506;1560;0;3523;4686;0;2811;5565;1;2801;7717;0;3030;5543;0;1251;1531;0;1605;3395;0;1321;4800;0;808;952;0;2182;2878;0;1772;3436;0;1733;4673;0;1985;3426;0;811;1000;0;908;1915;0;655;2638;0;50378;965;1303;31751;5;16
2021-02-14T23:59:59+01:00;10;8901064;Österreich;390370;4.39;245209;2.75;145161;1.63;5587;5667;0;9899;14685;0;9818;22739;1;11966;33390;0;14344;24030;0;8230;8652;0;13675;22323;0;10593;29610;0;2578;2894;0;5640;8401;0;5992;13170;0;7309;19816;0;8962;14338;0;5102;5546;0;7546;12943;0;6096;18828;0;229760;8073;7376;145107;19;35