Datum;BundeslandID;Bevölkerung;Name;Auslieferungen;AuslieferungenPro100;Bestellungen;BestellungenPro100
2021-01-09T23:59:59+01:00;0;;Bundesbeschaffung;;;;
2021-01-09T23:59:59+01:00;1;294436;Burgenland;1260;0.43;3995;1.36
2021-01-09T23:59:59+01:00;2;561293;Kärnten;4255;0.76;6830;1.22
2021-01-09T23:59:59+01:00;3;1684287;Niederösterreich;8160;0.48;20070;1.19
2021-01-09T23:59:59+01:00;4;1490279;Oberösterreich;3690;0.25;21515;1.44
2021-01-09T23:59:59+01:00;5;558410;Salzburg;3230;0.58;7140;1.28
2021-01-09T23:59:59+01:00;6;1246395;Steiermark;5990;0.48;17805;1.43
2021-01-09T23:59:59+01:00;7;757634;Tirol;4855;0.64;9665;1.28
2021-01-09T23:59:59+01:00;8;397139;Vorarlberg;985;0.25;9210;2.32
2021-01-09T23:59:59+01:00;9;1911191;Wien;6120;0.32;15285;0.80
2021-01-09T23:59:59+01:00;10;8901064;Österreich;38545;0.43;111515;1.25
2021-01-10T23:59:59+01:00;0;;Bundesbeschaffung;;;;
2021-01-10T23:59:59+01:00;1;294436;Burgenland;1260;0.43;4230;1.44
2021-01-10T23:59:59+01:00;2;561293;Kärnten;3855;0.69;5875;1.05
2021-01-10T23:59:59+01:00;3;1684287;Niederösterreich;12140;0.72;20025;1.19
2021-01-10T23:59:59+01:00;4;1490279;Oberösterreich;3845;0.26;21385;1.43
2021-01-10T23:59:59+01:00;5;558410;Salzburg;3980;0.71;7190;1.29
2021-01-10T23:59:59+01:00;6;1246395;Steiermark;6255;0.5;18715;1.50
2021-01-10T23:59:59+01:00;7;757634;Tirol;5945;0.78;10685;1.41
2021-01-10T23:59:59+01:00;8;397139;Vorarlberg;6210;1.56;9210;2.32
2021-01-10T23:59:59+01:00;9;1911191;Wien;9435;0.49;15285;0.80
2021-01-10T23:59:59+01:00;10;8901064;Österreich;52925;0.59;112600;1.27
2021-01-11T23:59:59+01:00;0;;Bundesbeschaffung;;;;
2021-01-11T23:59:59+01:00;1;294436;Burgenland;1500;0.51;4940;1.68
2021-01-11T23:59:59+01:00;2;561293;Kärnten;4810;0.86;5880;1.05
2021-01-11T23:59:59+01:00;3;1684287;Niederösterreich;13650;0.81;21680;1.29
2021-01-11T23:59:59+01:00;4;1490279;Oberösterreich;7145;0.48;20195;1.36
2021-01-11T23:59:59+01:00;5;558410;Salzburg;4335;0.78;9335;1.67
2021-01-11T23:59:59+01:00;6;1246395;Steiermark;7560;0.61;25975;2.08
2021-01-11T23:59:59+01:00;7;757634;Tirol;7265;0.96;12790;1.69
2021-01-11T23:59:59+01:00;8;397139;Vorarlberg;7170;1.81;10210;2.57
2021-01-11T23:59:59+01:00;9;1911191;Wien;9845;0.52;19100;1.00
2021-01-11T23:59:59+01:00;10;8901064;Österreich;63280;0.71;130105;1.46
2021-01-12T23:59:59+01:00;0;;Bundesbeschaffung;;;;
2021-01-12T23:59:59+01:00;1;294436;Burgenland;1800;0.61;5210;1.77
2021-01-12T23:59:59+01:00;2;561293;Kärnten;5710;1.02;9165;1.63
2021-01-12T23:59:59+01:00;3;1684287;Niederösterreich;14765;0.88;23530;1.40
2021-01-12T23:59:59+01:00;4;1490279;Oberösterreich;9450;0.63;20015;1.34
2021-01-12T23:59:59+01:00;5;558410;Salzburg;4910;0.88;10190;1.82
2021-01-12T23:59:59+01:00;6;1246395;Steiermark;10065;0.81;27060;2.17
2021-01-12T23:59:59+01:00;7;757634;Tirol;8135;1.07;13395;1.77
2021-01-12T23:59:59+01:00;8;397139;Vorarlberg;7415;1.87;10360;2.61
2021-01-12T23:59:59+01:00;9;1911191;Wien;11850;0.62;22760;1.19
2021-01-12T23:59:59+01:00;10;8901064;Österreich;74100;0.83;141685;1.59
2021-01-13T23:59:59+01:00;0;;Bundesbeschaffung;;;;
2021-01-13T23:59:59+01:00;1;294436;Burgenland;3095;1.05;5505;1.87
2021-01-13T23:59:59+01:00;2;561293;Kärnten;5770;1.03;9150;1.63
2021-01-13T23:59:59+01:00;3;1684287;Niederösterreich;14960;0.89;24525;1.46
2021-01-13T23:59:59+01:00;4;1490279;Oberösterreich;9685;0.65;22460;1.51
2021-01-13T23:59:59+01:00;5;558410;Salzburg;6015;1.08;10825;1.94
2021-01-13T23:59:59+01:00;6;1246395;Steiermark;13685;1.1;29870;2.40
2021-01-13T23:59:59+01:00;7;757634;Tirol;9130;1.21;13125;1.73
2021-01-13T23:59:59+01:00;8;397139;Vorarlberg;8725;2.2;10360;2.61
2021-01-13T23:59:59+01:00;9;1911191;Wien;13315;0.7;37615;1.97
2021-01-13T23:59:59+01:00;10;8901064;Österreich;84380;0.95;163435;1.84
2021-01-14T23:59:59+01:00;0;;Bundesbeschaffung;;;;
2021-01-14T23:59:59+01:00;1;294436;Burgenland;3095;1.05;5370;1.82
2021-01-14T23:59:59+01:00;2;561293;Kärnten;7270;1.3;9150;1.63
2021-01-14T23:59:59+01:00;3;1684287;Niederösterreich;15180;0.9;25475;1.51
2021-01-14T23:59:59+01:00;4;1490279;Oberösterreich;9675;0.65;24380;1.64
2021-01-14T23:59:59+01:00;5;558410;Salzburg;6355;1.14;10915;1.95
2021-01-14T23:59:59+01:00;6;1246395;Steiermark;14035;1.13;29740;2.39
2021-01-14T23:59:59+01:00;7;757634;Tirol;9355;1.23;13495;1.78
2021-01-14T23:59:59+01:00;8;397139;Vorarlberg;8915;2.24;10360;2.61
2021-01-14T23:59:59+01:00;9;1911191;Wien;13315;0.7;39020;2.04
2021-01-14T23:59:59+01:00;10;8901064;Österreich;87195;0.98;167905;1.89
2021-01-15T23:59:59+01:00;0;;Bundesbeschaffung;;;;
2021-01-15T23:59:59+01:00;1;294436;Burgenland;3450;1.17;5370;1.82
2021-01-15T23:59:59+01:00;2;561293;Kärnten;7270;1.3;9510;1.69
2021-01-15T23:59:59+01:00;3;1684287;Niederösterreich;15905;0.94;27214;1.62
2021-01-15T23:59:59+01:00;4;1490279;Oberösterreich;10725;0.72;35622;2.39
2021-01-15T23:59:59+01:00;5;558410;Salzburg;6735;1.21;10915;1.95
2021-01-15T23:59:59+01:00;6;1246395;Steiermark;14730;1.18;29635;2.38
2021-01-15T23:59:59+01:00;7;757634;Tirol;9355;1.23;14153;1.87
2021-01-15T23:59:59+01:00;8;397139;Vorarlberg;9425;2.37;10360;2.61
2021-01-15T23:59:59+01:00;9;1911191;Wien;25195;1.32;40232;2.11
2021-01-15T23:59:59+01:00;10;8901064;Österreich;102790;1.15;183011;2.06
2021-01-16T23:59:59+01:00;0;;Bundesbeschaffung;;;;
2021-01-16T23:59:59+01:00;1;294436;Burgenland;3450;1.17;5370;1.82
2021-01-16T23:59:59+01:00;2;561293;Kärnten;7270;1.3;9510;1.69
2021-01-16T23:59:59+01:00;3;1684287;Niederösterreich;15905;0.94;27214;1.62
2021-01-16T23:59:59+01:00;4;1490279;Oberösterreich;10725;0.72;35214;2.36
2021-01-16T23:59:59+01:00;5;558410;Salzburg;6735;1.21;10915;1.95
2021-01-16T23:59:59+01:00;6;1246395;Steiermark;14730;1.18;29635;2.38
2021-01-16T23:59:59+01:00;7;757634;Tirol;9355;1.23;14153;1.87
2021-01-16T23:59:59+01:00;8;397139;Vorarlberg;9425;2.37;10438;2.63
2021-01-16T23:59:59+01:00;9;1911191;Wien;25195;1.32;40207;2.10
2021-01-16T23:59:59+01:00;10;8901064;Österreich;102790;1.15;182656;2.05
2021-01-17T23:59:59+01:00;0;;Bundesbeschaffung;;;;
2021-01-17T23:59:59+01:00;1;294436;Burgenland;4125;1.4;5370;1.82
2021-01-17T23:59:59+01:00;2;561293;Kärnten;9510;1.69;9510;1.69
2021-01-17T23:59:59+01:00;3;1684287;Niederösterreich;20713;1.23;27214;1.62
2021-01-17T23:59:59+01:00;4;1490279;Oberösterreich;19781;1.33;36954;2.48
2021-01-17T23:59:59+01:00;5;558410;Salzburg;8635;1.55;10915;1.95
2021-01-17T23:59:59+01:00;6;1246395;Steiermark;22675;1.82;29635;2.38
2021-01-17T23:59:59+01:00;7;757634;Tirol;12838;1.69;14153;1.87
2021-01-17T23:59:59+01:00;8;397139;Vorarlberg;9765;2.46;10438;2.63
2021-01-17T23:59:59+01:00;9;1911191;Wien;32190;1.68;40207;2.10
2021-01-17T23:59:59+01:00;10;8901064;Österreich;140232;1.58;184396;2.07
2021-01-18T23:59:59+01:00;0;;Bundesbeschaffung;;;;
2021-01-18T23:59:59+01:00;1;294436;Burgenland;4410;1.5;5898;2.00
2021-01-18T23:59:59+01:00;2;561293;Kärnten;9510;1.69;9510;1.69
2021-01-18T23:59:59+01:00;3;1684287;Niederösterreich;23665;1.41;27262;1.62
2021-01-18T23:59:59+01:00;4;1490279;Oberösterreich;20269;1.36;35622;2.39
2021-01-18T23:59:59+01:00;5;558410;Salzburg;9445;1.69;10915;1.95
2021-01-18T23:59:59+01:00;6;1246395;Steiermark;24735;1.98;29683;2.38
2021-01-18T23:59:59+01:00;7;757634;Tirol;13363;1.76;14153;1.87
2021-01-18T23:59:59+01:00;8;397139;Vorarlberg;9895;2.49;10438;2.63
2021-01-18T23:59:59+01:00;9;1911191;Wien;35411;1.85;41893;2.19
2021-01-18T23:59:59+01:00;10;8901064;Österreich;150703;1.69;185374;2.08
2021-01-19T23:59:59+01:00;0;;Bundesbeschaffung;;;;
2021-01-19T23:59:59+01:00;1;294436;Burgenland;4725;1.6;5898;2.00
2021-01-19T23:59:59+01:00;2;561293;Kärnten;9510;1.69;12030;2.14
2021-01-19T23:59:59+01:00;3;1684287;Niederösterreich;24591;1.46;27262;1.62
2021-01-19T23:59:59+01:00;4;1490279;Oberösterreich;26221;1.76;36258;2.43
2021-01-19T23:59:59+01:00;5;558410;Salzburg;10050;1.8;12235;2.19
2021-01-19T23:59:59+01:00;6;1246395;Steiermark;25445;2.04;29638;2.38
2021-01-19T23:59:59+01:00;7;757634;Tirol;13363;1.76;14453;1.91
2021-01-19T23:59:59+01:00;8;397139;Vorarlberg;9970;2.51;10438;2.63
2021-01-19T23:59:59+01:00;9;1911191;Wien;38235;2;45949;2.40
2021-01-19T23:59:59+01:00;10;8901064;Österreich;162110;1.82;194161;2.18
2021-01-20T23:59:59+01:00;0;;Bundesbeschaffung;;;;
2021-01-20T23:59:59+01:00;1;294436;Burgenland;4851;1.65;5898;2.00
2021-01-20T23:59:59+01:00;2;561293;Kärnten;9510;1.69;12030;2.14
2021-01-20T23:59:59+01:00;3;1684287;Niederösterreich;24848;1.48;27298;1.62
2021-01-20T23:59:59+01:00;4;1490279;Oberösterreich;26657;1.79;35834;2.40
2021-01-20T23:59:59+01:00;5;558410;Salzburg;10115;1.81;14166;2.54
2021-01-20T23:59:59+01:00;6;1246395;Steiermark;25973;2.08;32849;2.64
2021-01-20T23:59:59+01:00;7;757634;Tirol;13508;1.78;14453;1.91
2021-01-20T23:59:59+01:00;8;397139;Vorarlberg;10285;2.59;10438;2.63
2021-01-20T23:59:59+01:00;9;1911191;Wien;41209;2.16;49465;2.59
2021-01-20T23:59:59+01:00;10;8901064;Österreich;166956;1.88;202431;2.27
2021-01-21T23:59:59+01:00;0;;Bundesbeschaffung;;;;
2021-01-21T23:59:59+01:00;1;294436;Burgenland;4851;1.65;5946;2.02
2021-01-21T23:59:59+01:00;2;561293;Kärnten;11310;2.01;13134;2.34
2021-01-21T23:59:59+01:00;3;1684287;Niederösterreich;24951;1.48;30628;1.82
2021-01-21T23:59:59+01:00;4;1490279;Oberösterreich;26837;1.8;36920;2.48
2021-01-21T23:59:59+01:00;5;558410;Salzburg;10215;1.83;14166;2.54
2021-01-21T23:59:59+01:00;6;1246395;Steiermark;26018;2.09;32849;2.64
2021-01-21T23:59:59+01:00;7;757634;Tirol;13878;1.83;15155;2.00
2021-01-21T23:59:59+01:00;8;397139;Vorarlberg;10285;2.59;10438;2.63
2021-01-21T23:59:59+01:00;9;1911191;Wien;41209;2.16;51391;2.69
2021-01-21T23:59:59+01:00;10;8901064;Österreich;169554;1.9;210627;2.37
2021-01-22T23:59:59+01:00;0;;Bundesbeschaffung;;;;
2021-01-22T23:59:59+01:00;1;294436;Burgenland;4901;1.66;5946;2.02
2021-01-22T23:59:59+01:00;2;561293;Kärnten;11310;2.01;13812;2.46
2021-01-22T23:59:59+01:00;3;1684287;Niederösterreich;24996;1.48;31810;1.89
2021-01-22T23:59:59+01:00;4;1490279;Oberösterreich;26837;1.8;37640;2.53
2021-01-22T23:59:59+01:00;5;558410;Salzburg;10355;1.85;14154;2.53
2021-01-22T23:59:59+01:00;6;1246395;Steiermark;26013;2.09;33030;2.65
2021-01-22T23:59:59+01:00;7;757634;Tirol;13878;1.83;16818;2.22
2021-01-22T23:59:59+01:00;8;397139;Vorarlberg;10285;2.59;10810;2.72
2021-01-22T23:59:59+01:00;9;1911191;Wien;41569;2.18;51547;2.70
2021-01-22T23:59:59+01:00;10;8901064;Österreich;170144;1.91;215567;2.42
2021-01-23T23:59:59+01:00;0;;Bundesbeschaffung;;;;
2021-01-23T23:59:59+01:00;1;294436;Burgenland;4901;1.66;6132;2.08
2021-01-23T23:59:59+01:00;2;561293;Kärnten;11310;2.01;13812;2.46
2021-01-23T23:59:59+01:00;3;1684287;Niederösterreich;24996;1.48;31810;1.89
2021-01-23T23:59:59+01:00;4;1490279;Oberösterreich;26837;1.8;37640;2.53
2021-01-23T23:59:59+01:00;5;558410;Salzburg;10355;1.85;14154;2.53
2021-01-23T23:59:59+01:00;6;1246395;Steiermark;26013;2.09;33030;2.65
2021-01-23T23:59:59+01:00;7;757634;Tirol;13878;1.83;17112;2.26
2021-01-23T23:59:59+01:00;8;397139;Vorarlberg;10285;2.59;10810;2.72
2021-01-23T23:59:59+01:00;9;1911191;Wien;41569;2.18;51547;2.70
2021-01-23T23:59:59+01:00;10;8901064;Österreich;170144;1.91;216047;2.43
2021-01-24T23:59:59+01:00;0;;Bundesbeschaffung;;;;
2021-01-24T23:59:59+01:00;1;294436;Burgenland;5364;1.82;6132;2.08
2021-01-24T23:59:59+01:00;2;561293;Kärnten;11982;2.13;13812;2.46
2021-01-24T23:59:59+01:00;3;1684287;Niederösterreich;26020;1.54;31810;1.89
2021-01-24T23:59:59+01:00;4;1490279;Oberösterreich;33112;2.22;37640;2.53
2021-01-24T23:59:59+01:00;5;558410;Salzburg;10633;1.9;14154;2.53
2021-01-24T23:59:59+01:00;6;1246395;Steiermark;28145;2.26;33030;2.65
2021-01-24T23:59:59+01:00;7;757634;Tirol;15473;2.04;17112;2.26
2021-01-24T23:59:59+01:00;8;397139;Vorarlberg;10657;2.68;10810;2.72
2021-01-24T23:59:59+01:00;9;1911191;Wien;44257;2.32;51547;2.70
2021-01-24T23:59:59+01:00;10;8901064;Österreich;185643;2.09;216047;2.43
2021-01-25T23:59:59+01:00;0;;Bundesbeschaffung;;;;
2021-01-25T23:59:59+01:00;1;294436;Burgenland;5364;1.82;6198;2.11
2021-01-25T23:59:59+01:00;2;561293;Kärnten;12024;2.14;13956;2.49
2021-01-25T23:59:59+01:00;3;1684287;Niederösterreich;26584;1.58;39166;2.33
2021-01-25T23:59:59+01:00;4;1490279;Oberösterreich;35042;2.35;46046;3.09
2021-01-25T23:59:59+01:00;5;558410;Salzburg;11059;1.98;14154;2.53
2021-01-25T23:59:59+01:00;6;1246395;Steiermark;28345;2.27;39798;3.19
2021-01-25T23:59:59+01:00;7;757634;Tirol;16023;2.11;17112;2.26
2021-01-25T23:59:59+01:00;8;397139;Vorarlberg;10657;2.68;13588;3.42
2021-01-25T23:59:59+01:00;9;1911191;Wien;44893;2.35;52981;2.77
2021-01-25T23:59:59+01:00;10;8901064;Österreich;189991;2.13;242999;2.73
2021-01-26T23:59:59+01:00;0;;Bundesbeschaffung;;;;
2021-01-26T23:59:59+01:00;1;294436;Burgenland;5364;1.82;6198;2.11
2021-01-26T23:59:59+01:00;2;561293;Kärnten;12354;2.2;15636;2.79
2021-01-26T23:59:59+01:00;3;1684287;Niederösterreich;27066;1.61;39502;2.35
2021-01-26T23:59:59+01:00;4;1490279;Oberösterreich;36056;2.42;46486;3.12
2021-01-26T23:59:59+01:00;5;558410;Salzburg;11494;2.06;14089;2.52
2021-01-26T23:59:59+01:00;6;1246395;Steiermark;28868;2.32;56968;4.57
2021-01-26T23:59:59+01:00;7;757634;Tirol;16571;2.19;17112;2.26
2021-01-26T23:59:59+01:00;8;397139;Vorarlberg;10502;2.64;13433;3.38
2021-01-26T23:59:59+01:00;9;1911191;Wien;47611;2.49;60025;3.14
2021-01-26T23:59:59+01:00;10;8901064;Österreich;195886;2.2;269449;3.03
2021-01-27T23:59:59+01:00;0;;Bundesbeschaffung;;;;
2021-01-27T23:59:59+01:00;1;294436;Burgenland;5616;1.91;7320;2.49
2021-01-27T23:59:59+01:00;2;561293;Kärnten;13548;2.41;17886;3.19
2021-01-27T23:59:59+01:00;3;1684287;Niederösterreich;29213;1.73;45022;2.67
2021-01-27T23:59:59+01:00;4;1490279;Oberösterreich;37540;2.52;47278;3.17
2021-01-27T23:59:59+01:00;5;558410;Salzburg;12456;2.23;15091;2.70
2021-01-27T23:59:59+01:00;6;1246395;Steiermark;30989;2.49;57479;4.61
2021-01-27T23:59:59+01:00;7;757634;Tirol;16997;2.24;19596;2.59
2021-01-27T23:59:59+01:00;8;397139;Vorarlberg;11894;2.99;16601;4.18
2021-01-27T23:59:59+01:00;9;1911191;Wien;50191;2.63;63007;3.30
2021-01-27T23:59:59+01:00;10;8901064;Österreich;208444;2.34;289280;3.25
2021-01-28T23:59:59+01:00;0;;Bundesbeschaffung;;;;
2021-01-28T23:59:59+01:00;1;294436;Burgenland;5616;1.91;7512;2.55
2021-01-28T23:59:59+01:00;2;561293;Kärnten;13548;2.41;19116;3.41
2021-01-28T23:59:59+01:00;3;1684287;Niederösterreich;31151;1.85;46270;2.75
2021-01-28T23:59:59+01:00;4;1490279;Oberösterreich;37630;2.53;47278;3.17
2021-01-28T23:59:59+01:00;5;558410;Salzburg;12631;2.26;16213;2.90
2021-01-28T23:59:59+01:00;6;1246395;Steiermark;31331;2.51;57443;4.61
2021-01-28T23:59:59+01:00;7;757634;Tirol;16997;2.24;24678;3.26
2021-01-28T23:59:59+01:00;8;397139;Vorarlberg;13355;3.36;16601;4.18
2021-01-28T23:59:59+01:00;9;1911191;Wien;50191;2.63;63313;3.31
2021-01-28T23:59:59+01:00;10;8901064;Österreich;212450;2.39;298424;3.35
2021-01-29T23:59:59+01:00;0;;Bundesbeschaffung;;;;
2021-01-29T23:59:59+01:00;1;294436;Burgenland;5807;1.97;7998;2.72
2021-01-29T23:59:59+01:00;2;561293;Kärnten;13548;2.41;19158;3.41
2021-01-29T23:59:59+01:00;3;1684287;Niederösterreich;32160;1.91;48814;2.90
2021-01-29T23:59:59+01:00;4;1490279;Oberösterreich;37630;2.53;48838;3.28
2021-01-29T23:59:59+01:00;5;558410;Salzburg;12787;2.29;17761;3.18
2021-01-29T23:59:59+01:00;6;1246395;Steiermark;31423;2.52;57425;4.61
2021-01-29T23:59:59+01:00;7;757634;Tirol;16997;2.24;25530;3.37
2021-01-29T23:59:59+01:00;8;397139;Vorarlberg;13355;3.36;16601;4.18
2021-01-29T23:59:59+01:00;9;1911191;Wien;51433;2.69;63397;3.32
2021-01-29T23:59:59+01:00;10;8901064;Österreich;215140;2.42;305522;3.43
2021-01-30T23:59:59+01:00;0;;Bundesbeschaffung;;;;
2021-01-30T23:59:59+01:00;1;294436;Burgenland;5807;1.97;7998;2.72
2021-01-30T23:59:59+01:00;2;561293;Kärnten;13133;2.34;18743;3.34
2021-01-30T23:59:59+01:00;3;1684287;Niederösterreich;32160;1.91;48814;2.90
2021-01-30T23:59:59+01:00;4;1490279;Oberösterreich;37630;2.53;48838;3.28
2021-01-30T23:59:59+01:00;5;558410;Salzburg;12787;2.29;17761;3.18
2021-01-30T23:59:59+01:00;6;1246395;Steiermark;31423;2.52;57425;4.61
2021-01-30T23:59:59+01:00;7;757634;Tirol;16997;2.24;25374;3.35
2021-01-30T23:59:59+01:00;8;397139;Vorarlberg;13355;3.36;16601;4.18
2021-01-30T23:59:59+01:00;9;1911191;Wien;51433;2.69;63397;3.32
2021-01-30T23:59:59+01:00;10;8901064;Österreich;214725;2.41;304951;3.43
2021-01-31T23:59:59+01:00;0;;Bundesbeschaffung;;;;
2021-01-31T23:59:59+01:00;1;294436;Burgenland;5807;1.97;7998;2.72
2021-01-31T23:59:59+01:00;2;561293;Kärnten;13133;2.34;18743;3.34
2021-01-31T23:59:59+01:00;3;1684287;Niederösterreich;32160;1.91;49414;2.93
2021-01-31T23:59:59+01:00;4;1490279;Oberösterreich;37630;2.53;48838;3.28
2021-01-31T23:59:59+01:00;5;558410;Salzburg;12787;2.29;17761;3.18
2021-01-31T23:59:59+01:00;6;1246395;Steiermark;31423;2.52;58571;4.70
2021-01-31T23:59:59+01:00;7;757634;Tirol;16997;2.24;25374;3.35
2021-01-31T23:59:59+01:00;8;397139;Vorarlberg;13355;3.36;16601;4.18
2021-01-31T23:59:59+01:00;9;1911191;Wien;51433;2.69;63397;3.32
2021-01-31T23:59:59+01:00;10;8901064;Österreich;214725;2.41;306697;3.45
2021-02-01T23:59:59+01:00;0;;Bundesbeschaffung;;;;
2021-02-01T23:59:59+01:00;1;294436;Burgenland;6726;2.28;7998;2.72
2021-02-01T23:59:59+01:00;2;561293;Kärnten;15017;2.68;20849;3.71
2021-02-01T23:59:59+01:00;3;1684287;Niederösterreich;41395;2.46;50206;2.98
2021-02-01T23:59:59+01:00;4;1490279;Oberösterreich;37798;2.54;59254;3.98
2021-02-01T23:59:59+01:00;5;558410;Salzburg;15199;2.72;18121;3.25
2021-02-01T23:59:59+01:00;6;1246395;Steiermark;35138;2.82;60905;4.89
2021-02-01T23:59:59+01:00;7;757634;Tirol;22314;2.95;27816;3.67
2021-02-01T23:59:59+01:00;8;397139;Vorarlberg;13985;3.52;16601;4.18
2021-02-01T23:59:59+01:00;9;1911191;Wien;54511;2.85;64375;3.37
2021-02-01T23:59:59+01:00;10;8901064;Österreich;242083;2.72;326125;3.66
2021-02-02T23:59:59+01:00;0;;Bundesbeschaffung;;;;
2021-02-02T23:59:59+01:00;1;294436;Burgenland;6942;2.36;9870;3.35
2021-02-02T23:59:59+01:00;2;561293;Kärnten;16661;2.97;22685;4.04
2021-02-02T23:59:59+01:00;3;1684287;Niederösterreich;43379;2.58;52264;3.10
2021-02-02T23:59:59+01:00;4;1490279;Oberösterreich;43672;2.93;70828;4.75
2021-02-02T23:59:59+01:00;5;558410;Salzburg;15469;2.77;18121;3.25
2021-02-02T23:59:59+01:00;6;1246395;Steiermark;37667;3.02;62411;5.01
2021-02-02T23:59:59+01:00;7;757634;Tirol;23046;3.04;29826;3.94
2021-02-02T23:59:59+01:00;8;397139;Vorarlberg;15233;3.84;17801;4.48
2021-02-02T23:59:59+01:00;9;1911191;Wien;55465;2.9;85509;4.47
2021-02-02T23:59:59+01:00;10;8901064;Österreich;257534;2.89;369315;4.15
2021-02-03T23:59:59+01:00;0;;Bundesbeschaffung;;;;
2021-02-03T23:59:59+01:00;1;294436;Burgenland;7176;2.44;10212;3.47
2021-02-03T23:59:59+01:00;2;561293;Kärnten;18017;3.21;24017;4.28
2021-02-03T23:59:59+01:00;3;1684287;Niederösterreich;46270;2.75;54640;3.24
2021-02-03T23:59:59+01:00;4;1490279;Oberösterreich;46828;3.14;71980;4.83
2021-02-03T23:59:59+01:00;5;558410;Salzburg;16147;2.89;21439;3.84
2021-02-03T23:59:59+01:00;6;1246395;Steiermark;40259;3.23;63605;5.10
2021-02-03T23:59:59+01:00;7;757634;Tirol;23868;3.15;31086;4.10
2021-02-03T23:59:59+01:00;8;397139;Vorarlberg;15233;3.84;18317;4.61
2021-02-03T23:59:59+01:00;9;1911191;Wien;58039;3.04;87375;4.57
2021-02-03T23:59:59+01:00;10;8901064;Österreich;271837;3.05;382671;4.30
2021-02-04T23:59:59+01:00;0;;Bundesbeschaffung;;;;
2021-02-04T23:59:59+01:00;1;294436;Burgenland;7722;2.62;10572;3.59
2021-02-04T23:59:59+01:00;2;561293;Kärnten;18329;3.27;24017;4.28
2021-02-04T23:59:59+01:00;3;1684287;Niederösterreich;47806;2.84;57166;3.39
2021-02-04T23:59:59+01:00;4;1490279;Oberösterreich;48976;3.29;71980;4.83
2021-02-04T23:59:59+01:00;5;558410;Salzburg;17833;3.19;22321;4.00
2021-02-04T23:59:59+01:00;6;1246395;Steiermark;43109;3.46;63947;5.13
2021-02-04T23:59:59+01:00;7;757634;Tirol;25540;3.37;31584;4.17
2021-02-04T23:59:59+01:00;8;397139;Vorarlberg;16601;4.18;19259;4.85
2021-02-04T23:59:59+01:00;9;1911191;Wien;59191;3.1;92507;4.84
2021-02-04T23:59:59+01:00;10;8901064;Österreich;285107;3.2;393353;4.42
2021-02-05T23:59:59+01:00;0;;Bundesbeschaffung;;;;
2021-02-05T23:59:59+01:00;1;294436;Burgenland;7824;2.66;10716;3.64
2021-02-05T23:59:59+01:00;2;561293;Kärnten;20729;3.69;24737;4.41
2021-02-05T23:59:59+01:00;3;1684287;Niederösterreich;48832;2.9;60406;3.59
2021-02-05T23:59:59+01:00;4;1490279;Oberösterreich;49150;3.3;78640;5.28
2021-02-05T23:59:59+01:00;5;558410;Salzburg;18061;3.23;22765;4.08
2021-02-05T23:59:59+01:00;6;1246395;Steiermark;43379;3.48;69959;5.61
2021-02-05T23:59:59+01:00;7;757634;Tirol;26136;3.45;33394;4.41
2021-02-05T23:59:59+01:00;8;397139;Vorarlberg;17801;4.48;19409;4.89
2021-02-05T23:59:59+01:00;9;1911191;Wien;65581;3.43;96207;5.03
2021-02-05T23:59:59+01:00;10;8901064;Österreich;297493;3.34;416233;4.68
2021-02-06T23:59:59+01:00;0;;Bundesbeschaffung;;;;
2021-02-06T23:59:59+01:00;1;294436;Burgenland;7998;2.72;10716;3.64
2021-02-06T23:59:59+01:00;2;561293;Kärnten;21497;3.83;24737;4.41
2021-02-06T23:59:59+01:00;3;1684287;Niederösterreich;49576;2.94;61312;3.64
2021-02-06T23:59:59+01:00;4;1490279;Oberösterreich;49150;3.3;78640;5.28
2021-02-06T23:59:59+01:00;5;558410;Salzburg;18391;3.29;22807;4.08
2021-02-06T23:59:59+01:00;6;1246395;Steiermark;44201;3.55;70265;5.64
2021-02-06T23:59:59+01:00;7;757634;Tirol;26136;3.45;33682;4.45
2021-02-06T23:59:59+01:00;8;397139;Vorarlberg;17897;4.51;19913;5.01
2021-02-06T23:59:59+01:00;9;1911191;Wien;72511;3.79;95853;5.02
2021-02-06T23:59:59+01:00;10;8901064;Österreich;307357;3.45;417925;4.70
2021-02-07T23:59:59+01:00;0;;Bundesbeschaffung;;;;
2021-02-07T23:59:59+01:00;1;294436;Burgenland;7998;2.72;10716;3.64
2021-02-07T23:59:59+01:00;2;561293;Kärnten;21497;3.83;24737;4.41
2021-02-07T23:59:59+01:00;3;1684287;Niederösterreich;49576;2.94;67732;4.02
2021-02-07T23:59:59+01:00;4;1490279;Oberösterreich;49150;3.3;83482;5.60
2021-02-07T23:59:59+01:00;5;558410;Salzburg;18391;3.29;22807;4.08
2021-02-07T23:59:59+01:00;6;1246395;Steiermark;44201;3.55;70289;5.64
2021-02-07T23:59:59+01:00;7;757634;Tirol;26136;3.45;33682;4.45
2021-02-07T23:59:59+01:00;8;397139;Vorarlberg;17897;4.51;21101;5.31
2021-02-07T23:59:59+01:00;9;1911191;Wien;72511;3.79;95853;5.02
2021-02-07T23:59:59+01:00;10;8901064;Österreich;307357;3.45;430399;4.84
2021-02-08T23:59:59+01:00;0;;Bundesbeschaffung;;;;
2021-02-08T23:59:59+01:00;1;294436;Burgenland;9870;3.35;10776;3.66
2021-02-08T23:59:59+01:00;2;561293;Kärnten;23453;4.18;27017;4.81
2021-02-08T23:59:59+01:00;3;1684287;Niederösterreich;56542;3.36;67994;4.04
2021-02-08T23:59:59+01:00;4;1490279;Oberösterreich;54316;3.64;83560;5.61
2021-02-08T23:59:59+01:00;5;558410;Salzburg;20965;3.75;23173;4.15
2021-02-08T23:59:59+01:00;6;1246395;Steiermark;53501;4.29;70931;5.69
2021-02-08T23:59:59+01:00;7;757634;Tirol;31684;4.18;35156;4.64
2021-02-08T23:59:59+01:00;8;397139;Vorarlberg;18317;4.61;22151;5.58
2021-02-08T23:59:59+01:00;9;1911191;Wien;78023;4.08;101577;5.31
2021-02-08T23:59:59+01:00;10;8901064;Österreich;346671;3.89;442335;4.97
2021-02-09T23:59:59+01:00;0;;Bundesbeschaffung;;;;
2021-02-09T23:59:59+01:00;1;294436;Burgenland;10212;3.47;12374;4.20
2021-02-09T23:59:59+01:00;2;561293;Kärnten;24245;4.32;29967;5.34
2021-02-09T23:59:59+01:00;3;1684287;Niederösterreich;59752;3.55;71138;4.22
2021-02-09T23:59:59+01:00;4;1490279;Oberösterreich;54928;3.69;83470;5.60
2021-02-09T23:59:59+01:00;5;558410;Salzburg;21973;3.93;23779;4.26
2021-02-09T23:59:59+01:00;6;1246395;Steiermark;56629;4.54;71189;5.71
2021-02-09T23:59:59+01:00;7;757634;Tirol;32680;4.31;35366;4.67
2021-02-09T23:59:59+01:00;8;397139;Vorarlberg;19409;4.89;22631;5.70
2021-02-09T23:59:59+01:00;9;1911191;Wien;80899;4.23;102891;5.38
2021-02-09T23:59:59+01:00;10;8901064;Österreich;360727;4.05;452805;5.09
2021-02-10T23:59:59+01:00;0;;Bundesbeschaffung;1200;;1230;
2021-02-10T23:59:59+01:00;1;294436;Burgenland;10572;3.59;12404;4.21
2021-02-10T23:59:59+01:00;2;561293;Kärnten;24245;4.32;30615;5.45
2021-02-10T23:59:59+01:00;3;1684287;Niederösterreich;63324;3.76;76850;4.56
2021-02-10T23:59:59+01:00;4;1490279;Oberösterreich;60480;4.06;83230;5.58
2021-02-10T23:59:59+01:00;5;558410;Salzburg;22891;4.1;24049;4.31
2021-02-10T23:59:59+01:00;6;1246395;Steiermark;64553;5.18;70823;5.68
2021-02-10T23:59:59+01:00;7;757634;Tirol;32610;4.3;36254;4.79
2021-02-10T23:59:59+01:00;8;397139;Vorarlberg;19679;4.96;22631;5.70
2021-02-10T23:59:59+01:00;9;1911191;Wien;83587;4.37;110539;5.78
2021-02-10T23:59:59+01:00;10;8901064;Österreich;383141;4.30;468625;5.26
2021-02-11T23:59:59+01:00;0;;Bundesbeschaffung;1200;;1350;
2021-02-11T23:59:59+01:00;1;294436;Burgenland;10716;3.64;12404;4.21
2021-02-11T23:59:59+01:00;2;561293;Kärnten;24605;4.38;30615;5.45
2021-02-11T23:59:59+01:00;3;1684287;Niederösterreich;66480;3.95;79240;4.70
2021-02-11T23:59:59+01:00;4;1490279;Oberösterreich;70300;4.72;83230;5.58
2021-02-11T23:59:59+01:00;5;558410;Salzburg;22999;4.12;27707;4.96
2021-02-11T23:59:59+01:00;6;1246395;Steiermark;65303;5.24;71543;5.74
2021-02-11T23:59:59+01:00;7;757634;Tirol;33178;4.38;38070;5.02
2021-02-11T23:59:59+01:00;8;397139;Vorarlberg;20363;5.13;22691;5.71
2021-02-11T23:59:59+01:00;9;1911191;Wien;91411;4.78;111653;5.84
2021-02-11T23:59:59+01:00;10;8901064;Österreich;406555;4.57;478503;5.38
2021-02-12T23:59:59+01:00;0;;Bundesbeschaffung;1200;;1350;
2021-02-12T23:59:59+01:00;1;294436;Burgenland;11846;4.02;12404;4.21
2021-02-12T23:59:59+01:00;2;561293;Kärnten;26405;4.70;32985;5.88
2021-02-12T23:59:59+01:00;3;1684287;Niederösterreich;67682;4.02;80192;4.76
2021-02-12T23:59:59+01:00;4;1490279;Oberösterreich;70810;4.75;92214;6.19
2021-02-12T23:59:59+01:00;5;558410;Salzburg;23305;4.17;28941;5.18
2021-02-12T23:59:59+01:00;6;1246395;Steiermark;65603;5.26;74561;5.98
2021-02-12T23:59:59+01:00;7;757634;Tirol;33248;4.39;41576;5.49
2021-02-12T23:59:59+01:00;8;397139;Vorarlberg;21335;5.37;22691;5.71
2021-02-12T23:59:59+01:00;9;1911191;Wien;91801;4.80;111797;5.85
2021-02-12T23:59:59+01:00;10;8901064;Österreich;413235;4.64;498711;5.60
2021-02-13T23:59:59+01:00;0;;Bundesbeschaffung;1200;;1350;
2021-02-13T23:59:59+01:00;1;294436;Burgenland;11906;4.04;14084;4.78
2021-02-13T23:59:59+01:00;2;561293;Kärnten;27053;4.82;32985;5.88
2021-02-13T23:59:59+01:00;3;1684287;Niederösterreich;68096;4.04;82710;4.91
2021-02-13T23:59:59+01:00;4;1490279;Oberösterreich;72352;4.85;92214;6.19
2021-02-13T23:59:59+01:00;5;558410;Salzburg;23359;4.18;28901;5.18
2021-02-13T23:59:59+01:00;6;1246395;Steiermark;65603;5.26;74631;5.99
2021-02-13T23:59:59+01:00;7;757634;Tirol;33248;4.39;41576;5.49
2021-02-13T23:59:59+01:00;8;397139;Vorarlberg;21641;5.45;22691;5.71
2021-02-13T23:59:59+01:00;9;1911191;Wien;93533;4.89;112335;5.88
2021-02-13T23:59:59+01:00;10;8901064;Österreich;417991;4.70;503477;5.66
2021-02-14T23:59:59+01:00;0;;Bundesbeschaffung;1200;;1350;
2021-02-14T23:59:59+01:00;1;294436;Burgenland;11906;4.04;14084;4.78
2021-02-14T23:59:59+01:00;2;561293;Kärnten;27053;4.82;32985;5.88
2021-02-14T23:59:59+01:00;3;1684287;Niederösterreich;68096;4.04;84238;5.00
2021-02-14T23:59:59+01:00;4;1490279;Oberösterreich;72352;4.85;107010;7.18
2021-02-14T23:59:59+01:00;5;558410;Salzburg;23359;4.18;28901;5.18
2021-02-14T23:59:59+01:00;6;1246395;Steiermark;65603;5.26;74631;5.99
2021-02-14T23:59:59+01:00;7;757634;Tirol;33248;4.39;41756;5.51
2021-02-14T23:59:59+01:00;8;397139;Vorarlberg;21641;5.45;22691;5.71
2021-02-14T23:59:59+01:00;9;1911191;Wien;93533;4.89;112335;5.88
2021-02-14T23:59:59+01:00;10;8901064;Österreich;417991;4.70;519981;5.84
2021-02-15T23:59:59+01:00;0;;Bundesbeschaffung;1320;;1350;
2021-02-15T23:59:59+01:00;1;294436;Burgenland;12350;4.19;13988;4.75
2021-02-15T23:59:59+01:00;2;561293;Kärnten;29723;5.30;33785;6.02
2021-02-15T23:59:59+01:00;3;1684287;Niederösterreich;76992;4.57;85470;5.07
2021-02-15T23:59:59+01:00;4;1490279;Oberösterreich;76880;5.16;107402;7.21
2021-02-15T23:59:59+01:00;5;558410;Salzburg;26945;4.83;29625;5.31
2021-02-15T23:59:59+01:00;6;1246395;Steiermark;68105;5.46;77531;6.22
2021-02-15T23:59:59+01:00;7;757634;Tirol;36948;4.88;43942;5.80
2021-02-15T23:59:59+01:00;8;397139;Vorarlberg;22013;5.54;27703;6.98
2021-02-15T23:59:59+01:00;9;1911191;Wien;98599;5.16;114589;6.00
2021-02-15T23:59:59+01:00;10;8901064;Österreich;449875;5.05;535385;6.01
2021-02-16T23:59:59+01:00;0;;Bundesbeschaffung;1320;;1350;
2021-02-16T23:59:59+01:00;1;294436;Burgenland;12404;4.21;15014;5.10
2021-02-16T23:59:59+01:00;2;561293;Kärnten;31397;5.59;40913;7.29
2021-02-16T23:59:59+01:00;3;1684287;Niederösterreich;79292;4.71;87188;5.18
2021-02-16T23:59:59+01:00;4;1490279;Oberösterreich;84386;5.66;107430;7.21
2021-02-16T23:59:59+01:00;5;558410;Salzburg;27549;4.93;29779;5.33
2021-02-16T23:59:59+01:00;6;1246395;Steiermark;69451;5.57;79651;6.39
2021-02-16T23:59:59+01:00;7;757634;Tirol;38638;5.10;45414;5.99
2021-02-16T23:59:59+01:00;8;397139;Vorarlberg;22445;5.65;27703;6.98
2021-02-16T23:59:59+01:00;9;1911191;Wien;101189;5.29;114645;6.00
2021-02-16T23:59:59+01:00;10;8901064;Österreich;468071;5.26;549087;6.17
2021-02-17T23:59:59+01:00;0;;Bundesbeschaffung;1350;;1350;
2021-02-17T23:59:59+01:00;1;294436;Burgenland;13770;4.68;15014;5.10
2021-02-17T23:59:59+01:00;2;561293;Kärnten;31397;5.59;42618;7.59
2021-02-17T23:59:59+01:00;3;1684287;Niederösterreich;81838;4.86;90764;5.39
2021-02-17T23:59:59+01:00;4;1490279;Oberösterreich;85382;5.73;109286;7.33
2021-02-17T23:59:59+01:00;5;558410;Salzburg;27771;4.97;30279;5.42
2021-02-17T23:59:59+01:00;6;1246395;Steiermark;72945;5.85;80329;6.44
2021-02-17T23:59:59+01:00;7;757634;Tirol;40408;5.33;47985;6.33
2021-02-17T23:59:59+01:00;8;397139;Vorarlberg;22529;5.67;27775;6.99
2021-02-17T23:59:59+01:00;9;1911191;Wien;108747;5.69;115677;6.05
2021-02-17T23:59:59+01:00;10;8901064;Österreich;486137;5.46;561077;6.30
2021-02-18T23:59:59+01:00;0;;Bundesbeschaffung;1350;;1350;
2021-02-18T23:59:59+01:00;1;294436;Burgenland;13840;4.70;15146;5.14
2021-02-18T23:59:59+01:00;2;561293;Kärnten;31685;5.65;42443;7.56
2021-02-18T23:59:59+01:00;3;1684287;Niederösterreich;84462;5.01;97188;5.77
2021-02-18T23:59:59+01:00;4;1490279;Oberösterreich;89682;6.02;118170;7.93
2021-02-18T23:59:59+01:00;5;558410;Salzburg;29193;5.23;30279;5.42
2021-02-18T23:59:59+01:00;6;1246395;Steiermark;74269;5.96;81977;6.58
2021-02-18T23:59:59+01:00;7;757634;Tirol;41720;5.51;51850;6.84
2021-02-18T23:59:59+01:00;8;397139;Vorarlberg;26101;6.57;27775;6.99
2021-02-18T23:59:59+01:00;9;1911191;Wien;111031;5.81;127113;6.65
2021-02-18T23:59:59+01:00;10;8901064;Österreich;503333;5.65;593291;6.67
2021-02-19T23:59:59+01:00;0;;Bundesbeschaffung;1350;;1350;
2021-02-19T23:59:59+01:00;1;294436;Burgenland;14996;5.09;17676;6.00
2021-02-19T23:59:59+01:00;2;561293;Kärnten;38285;6.82;42893;7.64
2021-02-19T23:59:59+01:00;3;1684287;Niederösterreich;85266;5.06;101300;6.01
2021-02-19T23:59:59+01:00;4;1490279;Oberösterreich;89682;6.02;119852;8.04
2021-02-19T23:59:59+01:00;5;558410;Salzburg;29583;5.30;31689;5.67
2021-02-19T23:59:59+01:00;6;1246395;Steiermark;77251;6.20;82307;6.60
2021-02-19T23:59:59+01:00;7;757634;Tirol;43142;5.69;56056;7.40
2021-02-19T23:59:59+01:00;8;397139;Vorarlberg;26191;6.59;27775;6.99
2021-02-19T23:59:59+01:00;9;1911191;Wien;111315;5.82;129633;6.78
2021-02-19T23:59:59+01:00;10;8901064;Österreich;517061;5.81;610531;6.86
2021-02-20T23:59:59+01:00;0;;Bundesbeschaffung;1350;;1350;
2021-02-20T23:59:59+01:00;1;294436;Burgenland;14996;5.09;17676;6.00
2021-02-20T23:59:59+01:00;2;561293;Kärnten;38285;6.82;42893;7.64
2021-02-20T23:59:59+01:00;3;1684287;Niederösterreich;86038;5.11;103534;6.15
2021-02-20T23:59:59+01:00;4;1490279;Oberösterreich;89970;6.04;119852;8.04
2021-02-20T23:59:59+01:00;5;558410;Salzburg;30093;5.39;34305;6.14
2021-02-20T23:59:59+01:00;6;1246395;Steiermark;77497;6.22;82415;6.61
2021-02-20T23:59:59+01:00;7;757634;Tirol;46142;6.09;56056;7.40
2021-02-20T23:59:59+01:00;8;397139;Vorarlberg;27775;6.99;27823;7.01
2021-02-20T23:59:59+01:00;9;1911191;Wien;111789;5.85;129633;6.78
2021-02-20T23:59:59+01:00;10;8901064;Österreich;523935;5.89;615537;6.92
2021-02-21T23:59:59+01:00;0;;Bundesbeschaffung;1350;;2400;
2021-02-21T23:59:59+01:00;1;294436;Burgenland;14996;5.09;17676;6.00
2021-02-21T23:59:59+01:00;2;561293;Kärnten;38285;6.82;42893;7.64
2021-02-21T23:59:59+01:00;3;1684287;Niederösterreich;86038;5.11;108370;6.43
2021-02-21T23:59:59+01:00;4;1490279;Oberösterreich;89970;6.04;119852;8.04
2021-02-21T23:59:59+01:00;5;558410;Salzburg;30093;5.39;35207;6.30
2021-02-21T23:59:59+01:00;6;1246395;Steiermark;77497;6.22;82415;6.61
2021-02-21T23:59:59+01:00;7;757634;Tirol;46142;6.09;56056;7.40
2021-02-21T23:59:59+01:00;8;397139;Vorarlberg;27775;6.99;27841;7.01
2021-02-21T23:59:59+01:00;9;1911191;Wien;111789;5.85;129633;6.78
2021-02-21T23:59:59+01:00;10;8901064;Österreich;523935;5.89;622343;6.99
2021-02-22T23:59:59+01:00;0;;Bundesbeschaffung;1350;;2400;
2021-02-22T23:59:59+01:00;1;294436;Burgenland;15396;5.23;20040;6.81
2021-02-22T23:59:59+01:00;2;561293;Kärnten;38913;6.93;44711;7.97
2021-02-22T23:59:59+01:00;3;1684287;Niederösterreich;95518;5.67;111924;6.65
2021-02-22T23:59:59+01:00;4;1490279;Oberösterreich;98140;6.59;120110;8.06
2021-02-22T23:59:59+01:00;5;558410;Salzburg;31239;5.59;37125;6.65
2021-02-22T23:59:59+01:00;6;1246395;Steiermark;79511;6.38;89715;7.20
2021-02-22T23:59:59+01:00;7;757634;Tirol;49756;6.57;59536;7.86
2021-02-22T23:59:59+01:00;8;397139;Vorarlberg;27775;6.99;31961;8.05
2021-02-22T23:59:59+01:00;9;1911191;Wien;113993;5.96;136087;7.12
2021-02-22T23:59:59+01:00;10;8901064;Österreich;551591;6.20;653609;7.34
2021-02-23T23:59:59+01:00;0;;Bundesbeschaffung;1350;;2400;
2021-02-23T23:59:59+01:00;1;294436;Burgenland;16656;5.66;19900;6.76
2021-02-23T23:59:59+01:00;2;561293;Kärnten;39987;7.12;50719;9.04
2021-02-23T23:59:59+01:00;3;1684287;Niederösterreich;99148;5.89;117038;6.95
2021-02-23T23:59:59+01:00;4;1490279;Oberösterreich;99578;6.68;120110;8.06
2021-02-23T23:59:59+01:00;5;558410;Salzburg;34371;6.16;37171;6.66
2021-02-23T23:59:59+01:00;6;1246395;Steiermark;79799;6.40;91021;7.30
2021-02-23T23:59:59+01:00;7;757634;Tirol;52252;6.90;61448;8.11
2021-02-23T23:59:59+01:00;8;397139;Vorarlberg;27823;7.01;31961;8.05
2021-02-23T23:59:59+01:00;9;1911191;Wien;119351;6.24;138537;7.25
2021-02-23T23:59:59+01:00;10;8901064;Österreich;570315;6.41;670305;7.53
2021-02-24T23:59:59+01:00;0;;Bundesbeschaffung;2400;;2400;
2021-02-24T23:59:59+01:00;1;294436;Burgenland;17454;5.93;20200;6.86
2021-02-24T23:59:59+01:00;2;561293;Kärnten;41681;7.43;50849;9.06
2021-02-24T23:59:59+01:00;3;1684287;Niederösterreich;103280;6.13;120800;7.17
2021-02-24T23:59:59+01:00;4;1490279;Oberösterreich;109740;7.36;120110;8.06
2021-02-24T23:59:59+01:00;5;558410;Salzburg;35793;6.41;37189;6.66
2021-02-24T23:59:59+01:00;6;1246395;Steiermark;80357;6.45;94615;7.59
2021-02-24T23:59:59+01:00;7;757634;Tirol;53566;7.07;61652;8.14
2021-02-24T23:59:59+01:00;8;397139;Vorarlberg;27841;7.01;34109;8.59
2021-02-24T23:59:59+01:00;9;1911191;Wien;122933;6.43;141671;7.41
2021-02-24T23:59:59+01:00;10;8901064;Österreich;595045;6.69;683595;7.68
2021-02-25T23:59:59+01:00;0;;Bundesbeschaffung;2400;;2400;
2021-02-25T23:59:59+01:00;1;294436;Burgenland;19576;6.65;20344;6.91
2021-02-25T23:59:59+01:00;2;561293;Kärnten;43331;7.72;50949;9.08
2021-02-25T23:59:59+01:00;3;1684287;Niederösterreich;107470;6.38;128364;7.62
2021-02-25T23:59:59+01:00;4;1490279;Oberösterreich;111264;7.47;120170;8.06
2021-02-25T23:59:59+01:00;5;558410;Salzburg;36901;6.61;37381;6.69
2021-02-25T23:59:59+01:00;6;1246395;Steiermark;83273;6.68;113345;9.09
2021-02-25T23:59:59+01:00;7;757634;Tirol;54706;7.22;63662;8.40
2021-02-25T23:59:59+01:00;8;397139;Vorarlberg;31961;8.05;34109;8.59
2021-02-25T23:59:59+01:00;9;1911191;Wien;127327;6.66;143119;7.49
2021-02-25T23:59:59+01:00;10;8901064;Österreich;618209;6.95;713843;8.02
2021-02-26T23:59:59+01:00;0;;Bundesbeschaffung;2400;;2400;
2021-02-26T23:59:59+01:00;1;294436;Burgenland;19876;6.75;22564;7.66
2021-02-26T23:59:59+01:00;2;561293;Kärnten;47635;8.49;52194;9.30
2021-02-26T23:59:59+01:00;3;1684287;Niederösterreich;112096;6.66;132484;7.87
2021-02-26T23:59:59+01:00;4;1490279;Oberösterreich;111798;7.50;136084;9.13
2021-02-26T23:59:59+01:00;5;558410;Salzburg;37117;6.65;42811;7.67
2021-02-26T23:59:59+01:00;6;1246395;Steiermark;87641;7.03;117109;9.40
2021-02-26T23:59:59+01:00;7;757634;Tirol;57476;7.59;66719;8.81
2021-02-26T23:59:59+01:00;8;397139;Vorarlberg;31961;8.05;35309;8.89
2021-02-26T23:59:59+01:00;9;1911191;Wien;134745;7.05;143539;7.51
2021-02-26T23:59:59+01:00;10;8901064;Österreich;642745;7.22;751213;8.44
2021-02-27T23:59:59+01:00;0;;Bundesbeschaffung;2400;;2400;
2021-02-27T23:59:59+01:00;1;294436;Burgenland;19876;6.75;22564;7.66
2021-02-27T23:59:59+01:00;2;561293;Kärnten;48313;8.61;51239;9.13
2021-02-27T23:59:59+01:00;3;1684287;Niederösterreich;112576;6.68;148600;8.82
2021-02-27T23:59:59+01:00;4;1490279;Oberösterreich;111798;7.50;140716;9.44
2021-02-27T23:59:59+01:00;5;558410;Salzburg;37135;6.65;43897;7.86
2021-02-27T23:59:59+01:00;6;1246395;Steiermark;87719;7.04;118217;9.48
2021-02-27T23:59:59+01:00;7;757634;Tirol;57476;7.59;67752;8.94
2021-02-27T23:59:59+01:00;8;397139;Vorarlberg;34109;8.59;35309;8.89
2021-02-27T23:59:59+01:00;9;1911191;Wien;137237;7.18;143539;7.51
2021-02-27T23:59:59+01:00;10;8901064;Österreich;648639;7.29;774233;8.70
2021-02-28T23:59:59+01:00;0;;Bundesbeschaffung;2400;;2400;
2021-02-28T23:59:59+01:00;1;294436;Burgenland;19876;6.75;22564;7.66
2021-02-28T23:59:59+01:00;2;561293;Kärnten;48313;8.61;51239;9.13
2021-02-28T23:59:59+01:00;3;1684287;Niederösterreich;112576;6.68;150792;8.95
2021-02-28T23:59:59+01:00;4;1490279;Oberösterreich;111798;7.50;146314;9.82
2021-02-28T23:59:59+01:00;5;558410;Salzburg;37135;6.65;44731;8.01
2021-02-28T23:59:59+01:00;6;1246395;Steiermark;87719;7.04;118217;9.48
2021-02-28T23:59:59+01:00;7;757634;Tirol;57476;7.59;67752;8.94
2021-02-28T23:59:59+01:00;8;397139;Vorarlberg;34109;8.59;35309;8.89
2021-02-28T23:59:59+01:00;9;1911191;Wien;137237;7.18;162201;8.49
2021-02-28T23:59:59+01:00;10;8901064;Österreich;648639;7.29;801519;9.00
2021-03-01T23:59:59+01:00;0;;Bundesbeschaffung;2400;;2400;
2021-03-01T23:59:59+01:00;1;294436;Burgenland;20200;6.86;26128;8.87
2021-03-01T23:59:59+01:00;2;561293;Kärnten;48627;8.66;51685;9.21
2021-03-01T23:59:59+01:00;3;1684287;Niederösterreich;122764;7.29;155016;9.20
2021-03-01T23:59:59+01:00;4;1490279;Oberösterreich;116454;7.81;150162;10.08
2021-03-01T23:59:59+01:00;5;558410;Salzburg;40693;7.29;45553;8.16
2021-03-01T23:59:59+01:00;6;1246395;Steiermark;101005;8.10;122235;9.81
2021-03-01T23:59:59+01:00;7;757634;Tirol;58646;7.74;73276;9.67
2021-03-01T23:59:59+01:00;8;397139;Vorarlberg;34109;8.59;44567;11.22
2021-03-01T23:59:59+01:00;9;1911191;Wien;141059;7.38;171969;9.00
2021-03-01T23:59:59+01:00;10;8901064;Österreich;685957;7.71;842991;9.47
2021-03-02T23:59:59+01:00;0;;Bundesbeschaffung;2400;;4400;
2021-03-02T23:59:59+01:00;1;294436;Burgenland;21334;7.25;26128;8.87
2021-03-02T23:59:59+01:00;2;561293;Kärnten;49171;8.76;56165;10.01
2021-03-02T23:59:59+01:00;3;1684287;Niederösterreich;129535;7.69;158260;9.40
2021-03-02T23:59:59+01:00;4;1490279;Oberösterreich;117960;7.92;151490;10.17
2021-03-02T23:59:59+01:00;5;558410;Salzburg;42523;7.62;46363;8.30
2021-03-02T23:59:59+01:00;6;1246395;Steiermark;105547;8.47;122441;9.82
2021-03-02T23:59:59+01:00;7;757634;Tirol;59824;7.90;75544;9.97
2021-03-02T23:59:59+01:00;8;397139;Vorarlberg;34109;8.59;44567;11.22
2021-03-02T23:59:59+01:00;9;1911191;Wien;141625;7.41;172209;9.01
2021-03-02T23:59:59+01:00;10;8901064;Österreich;704028;7.91;857567;9.63
2021-03-03T23:59:59+01:00;0;;Bundesbeschaffung;2400;;4400;
2021-03-03T23:59:59+01:00;1;294436;Burgenland;22348;7.59;27112;9.21
2021-03-03T23:59:59+01:00;2;561293;Kärnten;49949;8.90;56741;10.11
2021-03-03T23:59:59+01:00;3;1684287;Niederösterreich;131528;7.81;167304;9.93
2021-03-03T23:59:59+01:00;4;1490279;Oberösterreich;123786;8.31;155048;10.40
2021-03-03T23:59:59+01:00;5;558410;Salzburg;44617;7.99;46363;8.30
2021-03-03T23:59:59+01:00;6;1246395;Steiermark;111233;8.92;127959;10.27
2021-03-03T23:59:59+01:00;7;757634;Tirol;60682;8.01;77900;10.28
2021-03-03T23:59:59+01:00;8;397139;Vorarlberg;34659;8.73;44567;11.22
2021-03-03T23:59:59+01:00;9;1911191;Wien;154563;8.09;217511;11.38
2021-03-03T23:59:59+01:00;10;8901064;Österreich;735765;8.27;924905;10.39
2021-03-04T23:59:59+01:00;0;;Bundesbeschaffung;2400;;4400;
2021-03-04T23:59:59+01:00;1;294436;Burgenland;22480;7.63;27196;9.24
2021-03-04T23:59:59+01:00;2;561293;Kärnten;51425;9.16;57959;10.33
2021-03-04T23:59:59+01:00;3;1684287;Niederösterreich;137722;8.18;159330;9.46
2021-03-04T23:59:59+01:00;4;1490279;Oberösterreich;129498;8.69;172190;11.55
2021-03-04T23:59:59+01:00;5;558410;Salzburg;45433;8.14;50889;9.11
2021-03-04T23:59:59+01:00;6;1246395;Steiermark;116407;9.34;128893;10.34
2021-03-04T23:59:59+01:00;7;757634;Tirol;66772;8.81;81596;10.77
2021-03-04T23:59:59+01:00;8;397139;Vorarlberg;40919;10.30;44567;11.22
2021-03-04T23:59:59+01:00;9;1911191;Wien;163341;8.55;217799;11.40
2021-03-04T23:59:59+01:00;10;8901064;Österreich;776397;8.72;944819;10.61
2021-03-05T23:59:59+01:00;0;;Bundesbeschaffung;4400;;4400;
2021-03-05T23:59:59+01:00;1;294436;Burgenland;24550;8.34;29712;10.09
2021-03-05T23:59:59+01:00;2;561293;Kärnten;55195;9.83;58009;10.33
2021-03-05T23:59:59+01:00;3;1684287;Niederösterreich;141928;8.43;159290;9.46
2021-03-05T23:59:59+01:00;4;1490279;Oberösterreich;129558;8.69;178162;11.95
2021-03-05T23:59:59+01:00;5;558410;Salzburg;45553;8.16;54043;9.68
2021-03-05T23:59:59+01:00;6;1246395;Steiermark;119267;9.57;135499;10.87
2021-03-05T23:59:59+01:00;7;757634;Tirol;67412;8.90;119410;15.76
2021-03-05T23:59:59+01:00;8;397139;Vorarlberg;44207;11.13;44567;11.22
2021-03-05T23:59:59+01:00;9;1911191;Wien;163581;8.56;218227;11.42
2021-03-05T23:59:59+01:00;10;8901064;Österreich;795651;8.94;1001319;11.25
2021-03-06T23:59:59+01:00;0;;Bundesbeschaffung;4400;;4400;
2021-03-06T23:59:59+01:00;1;294436;Burgenland;24550;8.34;29718;10.09
2021-03-06T23:59:59+01:00;2;561293;Kärnten;55747;9.93;58009;10.33
2021-03-06T23:59:59+01:00;3;1684287;Niederösterreich;142594;8.47;171602;10.19
2021-03-06T23:59:59+01:00;4;1490279;Oberösterreich;129558;8.69;179592;12.05
2021-03-06T23:59:59+01:00;5;558410;Salzburg;45571;8.16;54139;9.70
2021-03-06T23:59:59+01:00;6;1246395;Steiermark;120465;9.67;135499;10.87
2021-03-06T23:59:59+01:00;7;757634;Tirol;68152;9.00;122282;16.14
2021-03-06T23:59:59+01:00;8;397139;Vorarlberg;44207;11.13;46367;11.68
2021-03-06T23:59:59+01:00;9;1911191;Wien;167561;8.77;227653;11.91
2021-03-06T23:59:59+01:00;10;8901064;Österreich;802805;9.02;1029261;11.56
2021-03-07T23:59:59+01:00;0;;Bundesbeschaffung;4400;;4400;
2021-03-07T23:59:59+01:00;1;294436;Burgenland;24550;8.34;29718;10.09
2021-03-07T23:59:59+01:00;2;561293;Kärnten;55747;9.93;58009;10.33
2021-03-07T23:59:59+01:00;3;1684287;Niederösterreich;142594;8.47;270576;16.06
2021-03-07T23:59:59+01:00;4;1490279;Oberösterreich;129558;8.69;180492;12.11
2021-03-07T23:59:59+01:00;5;558410;Salzburg;45571;8.16;59017;10.57
2021-03-07T23:59:59+01:00;6;1246395;Steiermark;120465;9.67;135499;10.87
2021-03-07T23:59:59+01:00;7;757634;Tirol;68152;9.00;122282;16.14
2021-03-07T23:59:59+01:00;8;397139;Vorarlberg;44207;11.13;58147;14.64
2021-03-07T23:59:59+01:00;9;1911191;Wien;167561;8.77;227653;11.91
2021-03-07T23:59:59+01:00;10;8901064;Österreich;802805;9.02;1145793;12.87
2021-03-08T23:59:59+01:00;0;;Bundesbeschaffung;4400;;4400;
2021-03-08T23:59:59+01:00;1;294436;Burgenland;25738;8.74;34356;11.67
2021-03-08T23:59:59+01:00;2;561293;Kärnten;56723;10.11;62745;11.18
2021-03-08T23:59:59+01:00;3;1684287;Niederösterreich;150212;8.92;267960;15.91
2021-03-08T23:59:59+01:00;4;1490279;Oberösterreich;144182;9.67;180522;12.11
2021-03-08T23:59:59+01:00;5;558410;Salzburg;49723;8.90;59877;10.72
2021-03-08T23:59:59+01:00;6;1246395;Steiermark;122977;9.87;147679;11.85
2021-03-08T23:59:59+01:00;7;757634;Tirol;70172;9.26;139190;18.37
2021-03-08T23:59:59+01:00;8;397139;Vorarlberg;44497;11.20;58147;14.64
2021-03-08T23:59:59+01:00;9;1911191;Wien;182921;9.57;237099;12.41
2021-03-08T23:59:59+01:00;10;8901064;Österreich;851545;9.57;1191975;13.39
2021-03-09T23:59:59+01:00;0;;Bundesbeschaffung;4400;;4400;
2021-03-09T23:59:59+01:00;1;294436;Burgenland;26398;8.97;34956;11.87
2021-03-09T23:59:59+01:00;2;561293;Kärnten;57701;10.28;75789;13.50
2021-03-09T23:59:59+01:00;3;1684287;Niederösterreich;154366;9.17;248800;14.77
2021-03-09T23:59:59+01:00;4;1490279;Oberösterreich;151416;10.16;206052;13.83
2021-03-09T23:59:59+01:00;5;558410;Salzburg;52397;9.38;60281;10.80
2021-03-09T23:59:59+01:00;6;1246395;Steiermark;123491;9.91;160939;12.91
2021-03-09T23:59:59+01:00;7;757634;Tirol;71274;9.41;153552;20.27
2021-03-09T23:59:59+01:00;8;397139;Vorarlberg;44567;11.22;58147;14.64
2021-03-09T23:59:59+01:00;9;1911191;Wien;186997;9.78;254673;13.33
2021-03-09T23:59:59+01:00;10;8901064;Österreich;873007;9.81;1257589;14.13
2021-03-10T23:59:59+01:00;0;;Bundesbeschaffung;4400;;4400;
2021-03-10T23:59:59+01:00;1;294436;Burgenland;27466;9.33;37140;12.61
2021-03-10T23:59:59+01:00;2;561293;Kärnten;57981;10.33;80431;14.33
2021-03-10T23:59:59+01:00;3;1684287;Niederösterreich;159494;9.47;214792;12.75
2021-03-10T23:59:59+01:00;4;1490279;Oberösterreich;162456;10.90;210516;14.13
2021-03-10T23:59:59+01:00;5;558410;Salzburg;55959;10.02;60299;10.80
2021-03-10T23:59:59+01:00;6;1246395;Steiermark;123719;9.93;165129;13.25
2021-03-10T23:59:59+01:00;7;757634;Tirol;95080;12.55;156446;20.65
2021-03-10T23:59:59+01:00;8;397139;Vorarlberg;46367;11.68;58147;14.64
2021-03-10T23:59:59+01:00;9;1911191;Wien;214357;11.22;259135;13.56
2021-03-10T23:59:59+01:00;10;8901064;Österreich;947279;10.64;1246435;14.00
2021-03-11T23:59:59+01:00;0;;Bundesbeschaffung;4400;;4400;
2021-03-11T23:59:59+01:00;1;294436;Burgenland;30374;10.32;38728;13.15
2021-03-11T23:59:59+01:00;2;561293;Kärnten;58519;10.43;81211;14.47
2021-03-11T23:59:59+01:00;3;1684287;Niederösterreich;164838;9.79;226924;13.47
2021-03-11T23:59:59+01:00;4;1490279;Oberösterreich;166260;11.16;220876;14.82
2021-03-11T23:59:59+01:00;5;558410;Salzburg;59529;10.66;60299;10.80
2021-03-11T23:59:59+01:00;6;1246395;Steiermark;130625;10.48;167577;13.44
2021-03-11T23:59:59+01:00;7;757634;Tirol;113962;15.04;162362;21.43
2021-03-11T23:59:59+01:00;8;397139;Vorarlberg;51601;12.99;58243;14.67
2021-03-11T23:59:59+01:00;9;1911191;Wien;219941;11.51;270485;14.15
2021-03-11T23:59:59+01:00;10;8901064;Österreich;1000049;11.24;1291105;14.51
2021-03-12T23:59:59+01:00;0;;Bundesbeschaffung;4400;;4400;
2021-03-12T23:59:59+01:00;1;294436;Burgenland;33386;11.34;42328;14.38
2021-03-12T23:59:59+01:00;2;561293;Kärnten;69981;12.47;81877;14.59
2021-03-12T23:59:59+01:00;3;1684287;Niederösterreich;171014;10.15;224622;13.34
2021-03-12T23:59:59+01:00;4;1490279;Oberösterreich;166908;11.20;224144;15.04
2021-03-12T23:59:59+01:00;5;558410;Salzburg;59703;10.69;77723;13.92
2021-03-12T23:59:59+01:00;6;1246395;Steiermark;131459;10.55;183701;14.74
2021-03-12T23:59:59+01:00;7;757634;Tirol;132688;17.51;164592;21.72
2021-03-12T23:59:59+01:00;8;397139;Vorarlberg;51601;12.99;58243;14.67
2021-03-12T23:59:59+01:00;9;1911191;Wien;221327;11.58;271699;14.22
2021-03-12T23:59:59+01:00;10;8901064;Österreich;1042467;11.71;1333329;14.98
2021-03-13T23:59:59+01:00;0;;Bundesbeschaffung;4400;;4400;
2021-03-13T23:59:59+01:00;1;294436;Burgenland;34356;11.67;42328;14.38
2021-03-13T23:59:59+01:00;2;561293;Kärnten;71713;12.78;81877;14.59
2021-03-13T23:59:59+01:00;3;1684287;Niederösterreich;172098;10.22;229134;13.60
2021-03-13T23:59:59+01:00;4;1490279;Oberösterreich;166956;11.20;224144;15.04
2021-03-13T23:59:59+01:00;5;558410;Salzburg;59703;10.69;77675;13.91
2021-03-13T23:59:59+01:00;6;1246395;Steiermark;131501;10.55;183701;14.74
2021-03-13T23:59:59+01:00;7;757634;Tirol;133414;17.61;164712;21.74
2021-03-13T23:59:59+01:00;8;397139;Vorarlberg;55969;14.09;58243;14.67
2021-03-13T23:59:59+01:00;9;1911191;Wien;232521;12.17;271699;14.22
2021-03-13T23:59:59+01:00;10;8901064;Österreich;1062631;11.94;1337913;15.03
2021-03-14T23:59:59+01:00;0;;Bundesbeschaffung;4400;;4400;
2021-03-14T23:59:59+01:00;1;294436;Burgenland;34356;11.67;42328;14.38
2021-03-14T23:59:59+01:00;2;561293;Kärnten;71713;12.78;81877;14.59
2021-03-14T23:59:59+01:00;3;1684287;Niederösterreich;172098;10.22;245592;14.58
2021-03-14T23:59:59+01:00;4;1490279;Oberösterreich;166956;11.20;224144;15.04
2021-03-14T23:59:59+01:00;5;558410;Salzburg;59703;10.69;78083;13.98
2021-03-14T23:59:59+01:00;6;1246395;Steiermark;131501;10.55;183701;14.74
2021-03-14T23:59:59+01:00;7;757634;Tirol;133414;17.61;164712;21.74
2021-03-14T23:59:59+01:00;8;397139;Vorarlberg;55969;14.09;61483;15.48
2021-03-14T23:59:59+01:00;9;1911191;Wien;232521;12.17;271699;14.22
2021-03-14T23:59:59+01:00;10;8901064;Österreich;1062631;11.94;1358019;15.26
2021-03-15T23:59:59+01:00;0;;Bundesbeschaffung;4400;;4490;
2021-03-15T23:59:59+01:00;1;294436;Burgenland;34356;11.67;42046;14.28
2021-03-15T23:59:59+01:00;2;561293;Kärnten;76707;13.67;81075;14.44
2021-03-15T23:59:59+01:00;3;1684287;Niederösterreich;184628;10.96;246814;14.65
2021-03-15T23:59:59+01:00;4;1490279;Oberösterreich;171228;11.49;224352;15.05
2021-03-15T23:59:59+01:00;5;558410;Salzburg;63789;11.42;78083;13.98
2021-03-15T23:59:59+01:00;6;1246395;Steiermark;134293;10.77;181949;14.60
2021-03-15T23:59:59+01:00;7;757634;Tirol;140114;18.49;162208;21.41
2021-03-15T23:59:59+01:00;8;397139;Vorarlberg;55969;14.09;61501;15.49
2021-03-15T23:59:59+01:00;9;1911191;Wien;238823;12.50;277017;14.49
2021-03-15T23:59:59+01:00;10;8901064;Österreich;1104307;12.41;1359535;15.27
2021-03-16T23:59:59+01:00;0;;Bundesbeschaffung;4400;;4490;
2021-03-16T23:59:59+01:00;1;294436;Burgenland;35826;12.17;45572;15.48
2021-03-16T23:59:59+01:00;2;561293;Kärnten;78281;13.95;84255;15.01
2021-03-16T23:59:59+01:00;3;1684287;Niederösterreich;190088;11.29;251934;14.96
2021-03-16T23:59:59+01:00;4;1490279;Oberösterreich;178950;12.01;225046;15.10
2021-03-16T23:59:59+01:00;5;558410;Salzburg;65853;11.79;85413;15.30
2021-03-16T23:59:59+01:00;6;1246395;Steiermark;134659;10.80;185677;14.90
2021-03-16T23:59:59+01:00;7;757634;Tirol;146134;19.29;163954;21.64
2021-03-16T23:59:59+01:00;8;397139;Vorarlberg;56065;14.12;61555;15.50
2021-03-16T23:59:59+01:00;9;1911191;Wien;244181;12.78;280085;14.65
2021-03-16T23:59:59+01:00;10;8901064;Österreich;1134437;12.74;1387981;15.59
2021-03-17T23:59:59+01:00;0;;Bundesbeschaffung;4400;;4400;
2021-03-17T23:59:59+01:00;1;294436;Burgenland;37270;12.66;45854;15.57
2021-03-17T23:59:59+01:00;2;561293;Kärnten;79433;14.15;87965;15.67
2021-03-17T23:59:59+01:00;3;1684287;Niederösterreich;197330;11.72;258116;15.32
2021-03-17T23:59:59+01:00;4;1490279;Oberösterreich;190858;12.81;249904;16.77
2021-03-17T23:59:59+01:00;5;558410;Salzburg;68009;12.18;85929;15.39
2021-03-17T23:59:59+01:00;6;1246395;Steiermark;135223;10.85;185891;14.91
2021-03-17T23:59:59+01:00;7;757634;Tirol;147796;19.51;169216;22.33
2021-03-17T23:59:59+01:00;8;397139;Vorarlberg;56065;14.12;69307;17.45
2021-03-17T23:59:59+01:00;9;1911191;Wien;244953;12.82;316179;16.54
2021-03-17T23:59:59+01:00;10;8901064;Österreich;1161337;13.05;1472761;16.55
2021-03-18T23:59:59+01:00;0;;Bundesbeschaffung;4400;;4400;
2021-03-18T23:59:59+01:00;1;294436;Burgenland;38640;13.12;47348;16.08
2021-03-18T23:59:59+01:00;2;561293;Kärnten;79553;14.17;88855;15.83
2021-03-18T23:59:59+01:00;3;1684287;Niederösterreich;207332;12.31;262048;15.56
2021-03-18T23:59:59+01:00;4;1490279;Oberösterreich;197860;13.28;253444;17.01
2021-03-18T23:59:59+01:00;5;558410;Salzburg;69319;12.41;85775;15.36
2021-03-18T23:59:59+01:00;6;1246395;Steiermark;151089;12.12;191433;15.36
2021-03-18T23:59:59+01:00;7;757634;Tirol;150922;19.92;172694;22.79
2021-03-18T23:59:59+01:00;8;397139;Vorarlberg;59125;14.89;69307;17.45
2021-03-18T23:59:59+01:00;9;1911191;Wien;249659;13.06;314829;16.47
2021-03-18T23:59:59+01:00;10;8901064;Österreich;1207899;13.57;1490133;16.74
2021-03-19T23:59:59+01:00;0;;Bundesbeschaffung;4400;;4810;
2021-03-19T23:59:59+01:00;1;294436;Burgenland;42046;14.28;47348;16.08
2021-03-19T23:59:59+01:00;2;561293;Kärnten;84097;14.98;89435;15.93
2021-03-19T23:59:59+01:00;3;1684287;Niederösterreich;227312;13.50;262130;15.56
2021-03-19T23:59:59+01:00;4;1490279;Oberösterreich;199768;13.40;257638;17.29
2021-03-19T23:59:59+01:00;5;558410;Salzburg;69569;12.46;89269;15.99
2021-03-19T23:59:59+01:00;6;1246395;Steiermark;152779;12.26;198003;15.89
2021-03-19T23:59:59+01:00;7;757634;Tirol;156082;20.60;179082;23.64
2021-03-19T23:59:59+01:00;8;397139;Vorarlberg;59125;14.89;69307;17.45
2021-03-19T23:59:59+01:00;9;1911191;Wien;251267;13.15;311505;16.30
2021-03-19T23:59:59+01:00;10;8901064;Österreich;1246445;14.00;1508527;16.95
2021-03-20T23:59:59+01:00;0;;Bundesbeschaffung;4400;;4810;
2021-03-20T23:59:59+01:00;1;294436;Burgenland;42046;14.28;47348;16.08
2021-03-20T23:59:59+01:00;2;561293;Kärnten;84367;15.03;89435;15.93
2021-03-20T23:59:59+01:00;3;1684287;Niederösterreich;227454;13.50;284568;16.90
2021-03-20T23:59:59+01:00;4;1490279;Oberösterreich;199768;13.40;271684;18.23
2021-03-20T23:59:59+01:00;5;558410;Salzburg;69851;12.51;90787;16.26
2021-03-20T23:59:59+01:00;6;1246395;Steiermark;152797;12.26;200157;16.06
2021-03-20T23:59:59+01:00;7;757634;Tirol;156082;20.60;179082;23.64
2021-03-20T23:59:59+01:00;8;397139;Vorarlberg;61555;15.50;69307;17.45
2021-03-20T23:59:59+01:00;9;1911191;Wien;256689;13.43;311505;16.30
2021-03-20T23:59:59+01:00;10;8901064;Österreich;1255009;14.10;1548683;17.40
2021-03-21T23:59:59+01:00;0;;Bundesbeschaffung;4400;;4810;
2021-03-21T23:59:59+01:00;1;294436;Burgenland;42046;14.28;47348;16.08
2021-03-21T23:59:59+01:00;2;561293;Kärnten;84367;15.03;89435;15.93
2021-03-21T23:59:59+01:00;3;1684287;Niederösterreich;227454;13.50;299288;17.77
2021-03-21T23:59:59+01:00;4;1490279;Oberösterreich;199768;13.40;271684;18.23
2021-03-21T23:59:59+01:00;5;558410;Salzburg;69851;12.51;90787;16.26
2021-03-21T23:59:59+01:00;6;1246395;Steiermark;152797;12.26;200757;16.11
2021-03-21T23:59:59+01:00;7;757634;Tirol;156082;20.60;179220;23.66
2021-03-21T23:59:59+01:00;8;397139;Vorarlberg;61555;15.50;69307;17.45
2021-03-21T23:59:59+01:00;9;1911191;Wien;256689;13.43;311505;16.30
2021-03-21T23:59:59+01:00;10;8901064;Österreich;1255009;14.10;1564141;17.57
2021-03-22T23:59:59+01:00;0;;Bundesbeschaffung;4810;;4810;
2021-03-22T23:59:59+01:00;1;294436;Burgenland;43076;14.63;47348;16.08
2021-03-22T23:59:59+01:00;2;561293;Kärnten;86777;15.46;92315;16.45
2021-03-22T23:59:59+01:00;3;1684287;Niederösterreich;237846;14.12;306276;18.18
2021-03-22T23:59:59+01:00;4;1490279;Oberösterreich;206280;13.84;280098;18.80
2021-03-22T23:59:59+01:00;5;558410;Salzburg;73311;13.13;91787;16.44
2021-03-22T23:59:59+01:00;6;1246395;Steiermark;171611;13.77;205503;16.49
2021-03-22T23:59:59+01:00;7;757634;Tirol;160048;21.12;179502;23.69
2021-03-22T23:59:59+01:00;8;397139;Vorarlberg;61555;15.50;70057;17.64
2021-03-22T23:59:59+01:00;9;1911191;Wien;268841;14.07;327495;17.14
2021-03-22T23:59:59+01:00;10;8901064;Österreich;1314155;14.76;1605191;18.03
2021-03-23T23:59:59+01:00;0;;Bundesbeschaffung;4810;;6010;
2021-03-23T23:59:59+01:00;1;294436;Burgenland;44240;15.03;47348;16.08
2021-03-23T23:59:59+01:00;2;561293;Kärnten;87643;15.61;97295;17.33
2021-03-23T23:59:59+01:00;3;1684287;Niederösterreich;243194;14.44;304902;18.10
2021-03-23T23:59:59+01:00;4;1490279;Oberösterreich;209586;14.06;280442;18.82
2021-03-23T23:59:59+01:00;5;558410;Salzburg;75723;13.56;91817;16.44
2021-03-23T23:59:59+01:00;6;1246395;Steiermark;175865;14.11;207379;16.64
2021-03-23T23:59:59+01:00;7;757634;Tirol;163980;21.64;179728;23.72
2021-03-23T23:59:59+01:00;8;397139;Vorarlberg;61555;15.50;70057;17.64
2021-03-23T23:59:59+01:00;9;1911191;Wien;269273;14.09;327525;17.14
2021-03-23T23:59:59+01:00;10;8901064;Österreich;1335869;15.01;1612503;18.12
2021-03-24T23:59:59+01:00;0;;Bundesbeschaffung;4810;;6010;
2021-03-24T23:59:59+01:00;1;294436;Burgenland;45188;15.35;49286;16.74
2021-03-24T23:59:59+01:00;2;561293;Kärnten;88835;15.83;97295;17.33
2021-03-24T23:59:59+01:00;3;1684287;Niederösterreich;252710;15.00;305456;18.14
2021-03-24T23:59:59+01:00;4;1490279;Oberösterreich;215298;14.45;280276;18.81
2021-03-24T23:59:59+01:00;5;558410;Salzburg;77463;13.87;92075;16.49
2021-03-24T23:59:59+01:00;6;1246395;Steiermark;180983;14.52;207717;16.67
2021-03-24T23:59:59+01:00;7;757634;Tirol;164958;21.77;184534;24.36
2021-03-24T23:59:59+01:00;8;397139;Vorarlberg;62785;15.81;70057;17.64
2021-03-24T23:59:59+01:00;9;1911191;Wien;273537;14.31;330855;17.31
2021-03-24T23:59:59+01:00;10;8901064;Österreich;1366567;15.35;1623561;18.24
2021-03-25T23:59:59+01:00;0;;Bundesbeschaffung;4810;;6010;
2021-03-25T23:59:59+01:00;1;294436;Burgenland;45272;15.38;52416;17.80
2021-03-25T23:59:59+01:00;2;561293;Kärnten;88955;15.85;97295;17.33
2021-03-25T23:59:59+01:00;3;1684287;Niederösterreich;260998;15.50;305046;18.11
2021-03-25T23:59:59+01:00;4;1490279;Oberösterreich;229310;15.39;281590;18.90
2021-03-25T23:59:59+01:00;5;558410;Salzburg;90599;16.22;92075;16.49
2021-03-25T23:59:59+01:00;6;1246395;Steiermark;183419;14.72;214703;17.23
2021-03-25T23:59:59+01:00;7;757634;Tirol;166218;21.94;186416;24.61
2021-03-25T23:59:59+01:00;8;397139;Vorarlberg;69787;17.57;70057;17.64
2021-03-25T23:59:59+01:00;9;1911191;Wien;281727;14.74;330351;17.29
2021-03-25T23:59:59+01:00;10;8901064;Österreich;1421095;15.97;1635959;18.38
2021-03-26T23:59:59+01:00;0;;Bundesbeschaffung;4810;;6010;
2021-03-26T23:59:59+01:00;1;294436;Burgenland;47348;16.08;56178;19.08
2021-03-26T23:59:59+01:00;2;561293;Kärnten;95315;16.98;105875;18.86
2021-03-26T23:59:59+01:00;3;1684287;Niederösterreich;267638;15.89;305784;18.16
2021-03-26T23:59:59+01:00;4;1490279;Oberösterreich;234516;15.74;292822;19.65
2021-03-26T23:59:59+01:00;5;558410;Salzburg;90647;16.23;97881;17.53
2021-03-26T23:59:59+01:00;6;1246395;Steiermark;191351;15.35;226825;18.20
2021-03-26T23:59:59+01:00;7;757634;Tirol;166914;22.03;189758;25.05
2021-03-26T23:59:59+01:00;8;397139;Vorarlberg;69787;17.57;78193;19.69
2021-03-26T23:59:59+01:00;9;1911191;Wien;285417;14.93;372011;19.46
2021-03-26T23:59:59+01:00;10;8901064;Österreich;1453743;16.33;1731337;19.45
2021-03-27T23:59:59+01:00;0;;Bundesbeschaffung;6010;;6010;
2021-03-27T23:59:59+01:00;1;294436;Burgenland;47348;16.08;56178;19.08
2021-03-27T23:59:59+01:00;2;561293;Kärnten;95455;17.01;105875;18.86
2021-03-27T23:59:59+01:00;3;1684287;Niederösterreich;268002;15.91;305784;18.16
2021-03-27T23:59:59+01:00;4;1490279;Oberösterreich;234516;15.74;292822;19.65
2021-03-27T23:59:59+01:00;5;558410;Salzburg;90875;16.27;97803;17.51
2021-03-27T23:59:59+01:00;6;1246395;Steiermark;192637;15.46;226789;18.20
2021-03-27T23:59:59+01:00;7;757634;Tirol;168024;22.18;189668;25.03
2021-03-27T23:59:59+01:00;8;397139;Vorarlberg;70057;17.64;78193;19.69
2021-03-27T23:59:59+01:00;9;1911191;Wien;289721;15.16;372311;19.48
2021-03-27T23:59:59+01:00;10;8901064;Österreich;1462645;16.43;1731433;19.45
2021-03-28T23:59:59+02:00;0;;Bundesbeschaffung;6010;;6010;
2021-03-28T23:59:59+02:00;1;294436;Burgenland;47348;16.08;56178;19.08
2021-03-28T23:59:59+02:00;2;561293;Kärnten;95455;17.01;105875;18.86
2021-03-28T23:59:59+02:00;3;1684287;Niederösterreich;268002;15.91;317038;18.82
2021-03-28T23:59:59+02:00;4;1490279;Oberösterreich;234516;15.74;295246;19.81
2021-03-28T23:59:59+02:00;5;558410;Salzburg;90875;16.27;98667;17.67
2021-03-28T23:59:59+02:00;6;1246395;Steiermark;192637;15.46;226819;18.20
2021-03-28T23:59:59+02:00;7;757634;Tirol;168024;22.18;189668;25.03
2021-03-28T23:59:59+02:00;8;397139;Vorarlberg;70057;17.64;78193;19.69
2021-03-28T23:59:59+02:00;9;1911191;Wien;289721;15.16;372311;19.48
2021-03-28T23:59:59+02:00;10;8901064;Österreich;1462645;16.43;1746005;19.62
2021-03-29T23:59:59+02:00;0;;Bundesbeschaffung;6010;;8510;
2021-03-29T23:59:59+02:00;1;294436;Burgenland;49322;16.75;59982;20.37
2021-03-29T23:59:59+02:00;2;561293;Kärnten;96785;17.24;105875;18.86
2021-03-29T23:59:59+02:00;3;1684287;Niederösterreich;279610;16.60;331614;19.69
2021-03-29T23:59:59+02:00;4;1490279;Oberösterreich;243288;16.32;311458;20.90
2021-03-29T23:59:59+02:00;5;558410;Salzburg;94619;16.94;100427;17.98
2021-03-29T23:59:59+02:00;6;1246395;Steiermark;202629;16.26;228527;18.34
2021-03-29T23:59:59+02:00;7;757634;Tirol;174752;23.07;189710;25.04
2021-03-29T23:59:59+02:00;8;397139;Vorarlberg;70057;17.64;91479;23.03
2021-03-29T23:59:59+02:00;9;1911191;Wien;309635;16.20;373971;19.57
2021-03-29T23:59:59+02:00;10;8901064;Österreich;1526707;17.15;1801553;20.24
2021-03-30T23:59:59+02:00;0;;Bundesbeschaffung;6010;;10070;
2021-03-30T23:59:59+02:00;1;294436;Burgenland;50060;17.00;61872;21.01
2021-03-30T23:59:59+02:00;2;561293;Kärnten;98925;17.62;119241;21.24
2021-03-30T23:59:59+02:00;3;1684287;Niederösterreich;283690;16.84;338460;20.10
2021-03-30T23:59:59+02:00;4;1490279;Oberösterreich;247008;16.57;331310;22.23
2021-03-30T23:59:59+02:00;5;558410;Salzburg;96503;17.28;100547;18.01
2021-03-30T23:59:59+02:00;6;1246395;Steiermark;203175;16.30;235213;18.87
2021-03-30T23:59:59+02:00;7;757634;Tirol;175258;23.13;195652;25.82
2021-03-30T23:59:59+02:00;8;397139;Vorarlberg;70957;17.87;91479;23.03
2021-03-30T23:59:59+02:00;9;1911191;Wien;312773;16.37;374289;19.58
2021-03-30T23:59:59+02:00;10;8901064;Österreich;1544359;17.35;1858133;20.88
2021-03-31T23:59:59+02:00;0;;Bundesbeschaffung;6010;;10320;
2021-03-31T23:59:59+02:00;1;294436;Burgenland;50216;17.05;63480;21.56
2021-03-31T23:59:59+02:00;2;561293;Kärnten;98955;17.63;121091;21.57
2021-03-31T23:59:59+02:00;3;1684287;Niederösterreich;287834;17.09;345530;20.51
2021-03-31T23:59:59+02:00;4;1490279;Oberösterreich;257894;17.31;346790;23.27
2021-03-31T23:59:59+02:00;5;558410;Salzburg;97367;17.44;100637;18.02
2021-03-31T23:59:59+02:00;6;1246395;Steiermark;203409;16.32;239087;19.18
2021-03-31T23:59:59+02:00;7;757634;Tirol;178108;23.51;196336;25.91
2021-03-31T23:59:59+02:00;8;397139;Vorarlberg;76723;19.32;91479;23.03
2021-03-31T23:59:59+02:00;9;1911191;Wien;314915;16.48;373665;19.55
2021-03-31T23:59:59+02:00;10;8901064;Österreich;1571431;17.65;1888415;21.22
2021-04-01T23:59:59+02:00;0;;Bundesbeschaffung;8510;;10520;
2021-04-01T23:59:59+02:00;1;294436;Burgenland;52416;17.80;63520;21.57
2021-04-01T23:59:59+02:00;2;561293;Kärnten;99125;17.66;131611;23.45
2021-04-01T23:59:59+02:00;3;1684287;Niederösterreich;294404;17.48;364218;21.62
2021-04-01T23:59:59+02:00;4;1490279;Oberösterreich;261066;17.52;347222;23.30
2021-04-01T23:59:59+02:00;5;558410;Salzburg;98921;17.71;101189;18.12
2021-04-01T23:59:59+02:00;6;1246395;Steiermark;203851;16.36;282721;22.68
2021-04-01T23:59:59+02:00;7;757634;Tirol;181558;23.96;243342;32.12
2021-04-01T23:59:59+02:00;8;397139;Vorarlberg;77581;19.53;91479;23.03
2021-04-01T23:59:59+02:00;9;1911191;Wien;319925;16.74;433893;22.70
2021-04-01T23:59:59+02:00;10;8901064;Österreich;1597357;17.95;2069715;23.25
2021-04-02T23:59:59+02:00;0;;Bundesbeschaffung;9040;;11030;
2021-04-02T23:59:59+02:00;1;294436;Burgenland;52434;17.81;67990;23.09
2021-04-02T23:59:59+02:00;2;561293;Kärnten;107295;19.12;131611;23.45
2021-04-02T23:59:59+02:00;3;1684287;Niederösterreich;303058;17.99;373198;22.16
2021-04-02T23:59:59+02:00;4;1490279;Oberösterreich;272644;18.29;347756;23.33
2021-04-02T23:59:59+02:00;5;558410;Salzburg;99089;17.74;109515;19.61
2021-04-02T23:59:59+02:00;6;1246395;Steiermark;209111;16.78;291191;23.36
2021-04-02T23:59:59+02:00;7;757634;Tirol;184082;24.30;262380;34.63
2021-04-02T23:59:59+02:00;8;397139;Vorarlberg;83605;21.05;92655;23.33
2021-04-02T23:59:59+02:00;9;1911191;Wien;327485;17.14;439761;23.01
2021-04-02T23:59:59+02:00;10;8901064;Österreich;1647843;18.51;2127087;23.90
2021-04-03T23:59:59+02:00;0;;Bundesbeschaffung;9040;;11030;
2021-04-03T23:59:59+02:00;1;294436;Burgenland;52434;17.81;67990;23.09
2021-04-03T23:59:59+02:00;2;561293;Kärnten;112143;19.98;131431;23.42
2021-04-03T23:59:59+02:00;3;1684287;Niederösterreich;304072;18.05;378890;22.50
2021-04-03T23:59:59+02:00;4;1490279;Oberösterreich;273086;18.32;347756;23.33
2021-04-03T23:59:59+02:00;5;558410;Salzburg;99377;17.80;115401;20.67
2021-04-03T23:59:59+02:00;6;1246395;Steiermark;209171;16.78;291437;23.38
2021-04-03T23:59:59+02:00;7;757634;Tirol;184082;24.30;262380;34.63
2021-04-03T23:59:59+02:00;8;397139;Vorarlberg;86057;21.67;93485;23.54
2021-04-03T23:59:59+02:00;9;1911191;Wien;331985;17.37;435921;22.81
2021-04-03T23:59:59+02:00;10;8901064;Österreich;1661447;18.67;2135721;23.99
2021-04-04T23:59:59+02:00;0;;Bundesbeschaffung;9040;;11030;
2021-04-04T23:59:59+02:00;1;294436;Burgenland;52434;17.81;67990;23.09
2021-04-04T23:59:59+02:00;2;561293;Kärnten;112143;19.98;131461;23.42
2021-04-04T23:59:59+02:00;3;1684287;Niederösterreich;304090;18.05;388644;23.07
2021-04-04T23:59:59+02:00;4;1490279;Oberösterreich;273086;18.32;347756;23.33
2021-04-04T23:59:59+02:00;5;558410;Salzburg;99377;17.80;115401;20.67
2021-04-04T23:59:59+02:00;6;1246395;Steiermark;209417;16.80;291437;23.38
2021-04-04T23:59:59+02:00;7;757634;Tirol;184082;24.30;262380;34.63
2021-04-04T23:59:59+02:00;8;397139;Vorarlberg;86057;21.67;94283;23.74
2021-04-04T23:59:59+02:00;9;1911191;Wien;331985;17.37;435921;22.81
2021-04-04T23:59:59+02:00;10;8901064;Österreich;1661711;18.67;2146303;24.11
2021-04-05T23:59:59+02:00;0;;Bundesbeschaffung;9040;;11030;
2021-04-05T23:59:59+02:00;1;294436;Burgenland;54594;18.54;67990;23.09
2021-04-05T23:59:59+02:00;2;561293;Kärnten;112603;20.06;131601;23.45
2021-04-05T23:59:59+02:00;3;1684287;Niederösterreich;321106;19.06;402430;23.89
2021-04-05T23:59:59+02:00;4;1490279;Oberösterreich;273554;18.36;347756;23.33
2021-04-05T23:59:59+02:00;5;558410;Salzburg;100097;17.93;115401;20.67
2021-04-05T23:59:59+02:00;6;1246395;Steiermark;210111;16.86;296297;23.77
2021-04-05T23:59:59+02:00;7;757634;Tirol;185978;24.55;262380;34.63
2021-04-05T23:59:59+02:00;8;397139;Vorarlberg;86057;21.67;94283;23.74
2021-04-05T23:59:59+02:00;9;1911191;Wien;361395;18.91;493581;25.83
2021-04-05T23:59:59+02:00;10;8901064;Österreich;1714535;19.26;2222749;24.97
2021-04-06T23:59:59+02:00;0;;Bundesbeschaffung;10710;;11210;
2021-04-06T23:59:59+02:00;1;294436;Burgenland;57186;19.42;69200;23.50
2021-04-06T23:59:59+02:00;2;561293;Kärnten;120801;21.52;133215;23.73
2021-04-06T23:59:59+02:00;3;1684287;Niederösterreich;332836;19.76;404896;24.04
2021-04-06T23:59:59+02:00;4;1490279;Oberösterreich;291096;19.53;369394;24.79
2021-04-06T23:59:59+02:00;5;558410;Salzburg;111049;19.89;116801;20.92
2021-04-06T23:59:59+02:00;6;1246395;Steiermark;218353;17.52;296759;23.81
2021-04-06T23:59:59+02:00;7;757634;Tirol;193786;25.58;265412;35.03
2021-04-06T23:59:59+02:00;8;397139;Vorarlberg;86887;21.88;94247;23.73
2021-04-06T23:59:59+02:00;9;1911191;Wien;377005;19.73;528611;27.66
2021-04-06T23:59:59+02:00;10;8901064;Österreich;1799709;20.22;2289745;25.72
2021-04-07T23:59:59+02:00;0;;Bundesbeschaffung;11030;;11260;
2021-04-07T23:59:59+02:00;1;294436;Burgenland;58890;20.00;69200;23.50
2021-04-07T23:59:59+02:00;2;561293;Kärnten;121831;21.71;133251;23.74
2021-04-07T23:59:59+02:00;3;1684287;Niederösterreich;344276;20.44;407784;24.21
2021-04-07T23:59:59+02:00;4;1490279;Oberösterreich;295134;19.80;373932;25.09
2021-04-07T23:59:59+02:00;5;558410;Salzburg;111691;20.00;119217;21.35
2021-04-07T23:59:59+02:00;6;1246395;Steiermark;221479;17.77;299995;24.07
2021-04-07T23:59:59+02:00;7;757634;Tirol;211774;27.95;265884;35.09
2021-04-07T23:59:59+02:00;8;397139;Vorarlberg;86887;21.88;94247;23.73
2021-04-07T23:59:59+02:00;9;1911191;Wien;380573;19.91;528993;27.68
2021-04-07T23:59:59+02:00;10;8901064;Österreich;1843565;20.71;2303763;25.88
2021-04-08T23:59:59+02:00;0;;Bundesbeschaffung;11030;;11260;
2021-04-08T23:59:59+02:00;1;294436;Burgenland;61868;21.01;74192;25.20
2021-04-08T23:59:59+02:00;2;561293;Kärnten;122551;21.83;149095;26.56
2021-04-08T23:59:59+02:00;3;1684287;Niederösterreich;352536;20.93;417726;24.80
2021-04-08T23:59:59+02:00;4;1490279;Oberösterreich;301406;20.22;379898;25.49
2021-04-08T23:59:59+02:00;5;558410;Salzburg;114825;20.56;119077;21.32
2021-04-08T23:59:59+02:00;6;1246395;Steiermark;229595;18.42;323013;25.92
2021-04-08T23:59:59+02:00;7;757634;Tirol;227794;30.07;273204;36.06
2021-04-08T23:59:59+02:00;8;397139;Vorarlberg;91903;23.14;94247;23.73
2021-04-08T23:59:59+02:00;9;1911191;Wien;384791;20.13;529227;27.69
2021-04-08T23:59:59+02:00;10;8901064;Österreich;1898299;21.33;2370939;26.64
2021-04-09T23:59:59+02:00;0;;Bundesbeschaffung;11030;;11260;
2021-04-09T23:59:59+02:00;1;294436;Burgenland;65756;22.33;77148;26.20
2021-04-09T23:59:59+02:00;2;561293;Kärnten;131225;23.38;149535;26.64
2021-04-09T23:59:59+02:00;3;1684287;Niederösterreich;363668;21.59;417322;24.78
2021-04-09T23:59:59+02:00;4;1490279;Oberösterreich;302564;20.30;391564;26.27
2021-04-09T23:59:59+02:00;5;558410;Salzburg;116225;20.81;123081;22.04
2021-04-09T23:59:59+02:00;6;1246395;Steiermark;254069;20.38;326597;26.20
2021-04-09T23:59:59+02:00;7;757634;Tirol;253158;33.41;285238;37.65
2021-04-09T23:59:59+02:00;8;397139;Vorarlberg;93731;23.60;94247;23.73
2021-04-09T23:59:59+02:00;9;1911191;Wien;393191;20.57;538331;28.17
2021-04-09T23:59:59+02:00;10;8901064;Österreich;1984617;22.30;2414323;27.12
2021-04-10T23:59:59+02:00;0;;Bundesbeschaffung;11030;;11260;
2021-04-10T23:59:59+02:00;1;294436;Burgenland;67996;23.09;77148;26.20
2021-04-10T23:59:59+02:00;2;561293;Kärnten;131225;23.38;149605;26.65
2021-04-10T23:59:59+02:00;3;1684287;Niederösterreich;364844;21.66;436442;25.91
2021-04-10T23:59:59+02:00;4;1490279;Oberösterreich;302588;20.30;394318;26.46
2021-04-10T23:59:59+02:00;5;558410;Salzburg;119067;21.32;125451;22.47
2021-04-10T23:59:59+02:00;6;1246395;Steiermark;254153;20.39;326615;26.20
2021-04-10T23:59:59+02:00;7;757634;Tirol;256768;33.89;285238;37.65
2021-04-10T23:59:59+02:00;8;397139;Vorarlberg;94247;23.73;95927;24.15
2021-04-10T23:59:59+02:00;9;1911191;Wien;401633;21.01;538341;28.17
2021-04-10T23:59:59+02:00;10;8901064;Österreich;2003551;22.51;2440345;27.42
2021-04-11T23:59:59+02:00;0;;Bundesbeschaffung;11030;;11260;
2021-04-11T23:59:59+02:00;1;294436;Burgenland;67996;23.09;77148;26.20
2021-04-11T23:59:59+02:00;2;561293;Kärnten;131225;23.38;149605;26.65
2021-04-11T23:59:59+02:00;3;1684287;Niederösterreich;364844;21.66;454908;27.01
2021-04-11T23:59:59+02:00;4;1490279;Oberösterreich;302588;20.30;401594;26.95
2021-04-11T23:59:59+02:00;5;558410;Salzburg;119067;21.32;126321;22.62
2021-04-11T23:59:59+02:00;6;1246395;Steiermark;254153;20.39;326615;26.20
2021-04-11T23:59:59+02:00;7;757634;Tirol;256768;33.89;285238;37.65
2021-04-11T23:59:59+02:00;8;397139;Vorarlberg;94247;23.73;109981;27.69
2021-04-11T23:59:59+02:00;9;1911191;Wien;401633;21.01;538341;28.17
2021-04-11T23:59:59+02:00;10;8901064;Österreich;2003551;22.51;2481011;27.87
2021-04-12T23:59:59+02:00;0;;Bundesbeschaffung;11260;;11860;
2021-04-12T23:59:59+02:00;1;294436;Burgenland;68074;23.12;77520;26.33
2021-04-12T23:59:59+02:00;2;561293;Kärnten;132845;23.67;151067;26.91
2021-04-12T23:59:59+02:00;3;1684287;Niederösterreich;384180;22.81;460786;27.36
2021-04-12T23:59:59+02:00;4;1490279;Oberösterreich;314978;21.14;403086;27.05
2021-04-12T23:59:59+02:00;5;558410;Salzburg;122595;21.95;126509;22.66
2021-04-12T23:59:59+02:00;6;1246395;Steiermark;256533;20.58;327613;26.28
2021-04-12T23:59:59+02:00;7;757634;Tirol;260074;34.33;281412;37.14
2021-04-12T23:59:59+02:00;8;397139;Vorarlberg;94247;23.73;109981;27.69
2021-04-12T23:59:59+02:00;9;1911191;Wien;419281;21.94;583317;30.52
2021-04-12T23:59:59+02:00;10;8901064;Österreich;2064067;23.19;2533151;28.46
2021-04-13T23:59:59+02:00;0;;Bundesbeschaffung;11260;;11860;
2021-04-13T23:59:59+02:00;1;294436;Burgenland;68074;23.12;78820;26.77
2021-04-13T23:59:59+02:00;2;561293;Kärnten;134481;23.96;151067;26.91
2021-04-13T23:59:59+02:00;3;1684287;Niederösterreich;391482;23.24;466662;27.71
2021-04-13T23:59:59+02:00;4;1490279;Oberösterreich;335058;22.48;403194;27.05
2021-04-13T23:59:59+02:00;5;558410;Salzburg;124395;22.28;126605;22.67
2021-04-13T23:59:59+02:00;6;1246395;Steiermark;275411;22.10;328475;26.35
2021-04-13T23:59:59+02:00;7;757634;Tirol;265760;35.08;285342;37.66
2021-04-13T23:59:59+02:00;8;397139;Vorarlberg;95927;24.15;109981;27.69
2021-04-13T23:59:59+02:00;9;1911191;Wien;423581;22.16;583845;30.55
2021-04-13T23:59:59+02:00;10;8901064;Österreich;2125429;23.88;2545851;28.60
2021-04-14T23:59:59+02:00;0;;Bundesbeschaffung;11260;;11860;
2021-04-14T23:59:59+02:00;1;294436;Burgenland;71800;24.39;84496;28.70
2021-04-14T23:59:59+02:00;2;561293;Kärnten;135741;24.18;151067;26.91
2021-04-14T23:59:59+02:00;3;1684287;Niederösterreich;400112;23.76;477762;28.37
2021-04-14T23:59:59+02:00;4;1490279;Oberösterreich;343970;23.08;459458;30.83
2021-04-14T23:59:59+02:00;5;558410;Salzburg;125649;22.50;131877;23.62
2021-04-14T23:59:59+02:00;6;1246395;Steiermark;280817;22.53;328551;26.36
2021-04-14T23:59:59+02:00;7;757634;Tirol;266592;35.19;287278;37.92
2021-04-14T23:59:59+02:00;8;397139;Vorarlberg;101817;25.64;109981;27.69
2021-04-14T23:59:59+02:00;9;1911191;Wien;428191;25.33;581715;30.44
2021-04-14T23:59:59+02:00;10;8901064;Österreich;2165949;24.33;2624045;29.48
2021-04-15T23:59:59+02:00;0;;Bundesbeschaffung;11860;;11860;
2021-04-15T23:59:59+02:00;1;294436;Burgenland;73628;25.01;87466;29.71
2021-04-15T23:59:59+02:00;2;561293;Kärnten;136141;24.25;151067;26.91
2021-04-15T23:59:59+02:00;3;1684287;Niederösterreich;409596;24.32;487052;28.92
2021-04-15T23:59:59+02:00;4;1490279;Oberösterreich;351132;23.56;458364;30.76
2021-04-15T23:59:59+02:00;5;558410;Salzburg;126359;22.63;132173;23.67
2021-04-15T23:59:59+02:00;6;1246395;Steiermark;281109;22.55;363239;29.14
2021-04-15T23:59:59+02:00;7;757634;Tirol;273650;36.12;289222;38.17
2021-04-15T23:59:59+02:00;8;397139;Vorarlberg;106597;26.84;109981;27.69
2021-04-15T23:59:59+02:00;9;1911191;Wien;436491;22.84;579225;30.31
2021-04-15T23:59:59+02:00;10;8901064;Österreich;2206563;24.79;2669649;29.99
2021-04-16T23:59:59+02:00;0;;Bundesbeschaffung;11860;;11860;
2021-04-16T23:59:59+02:00;1;294436;Burgenland;76686;26.05;87490;29.71
2021-04-16T23:59:59+02:00;2;561293;Kärnten;150257;26.77;165567;29.50
2021-04-16T23:59:59+02:00;3;1684287;Niederösterreich;425352;25.25;494722;29.37
2021-04-16T23:59:59+02:00;4;1490279;Oberösterreich;353164;23.70;458852;30.79
2021-04-16T23:59:59+02:00;5;558410;Salzburg;127843;22.89;138399;24.78
2021-04-16T23:59:59+02:00;6;1246395;Steiermark;288395;23.14;363793;29.19
2021-04-16T23:59:59+02:00;7;757634;Tirol;279732;36.92;298312;39.37
2021-04-16T23:59:59+02:00;8;397139;Vorarlberg;109633;27.61;109981;27.69
2021-04-16T23:59:59+02:00;9;1911191;Wien;441541;23.10;578329;30.26
2021-04-16T23:59:59+02:00;10;8901064;Österreich;2264463;25.44;2707305;30.42
2021-04-17T23:59:59+02:00;0;;Bundesbeschaffung;11860;;11860;
2021-04-17T23:59:59+02:00;1;294436;Burgenland;77986;26.49;87490;29.71
2021-04-17T23:59:59+02:00;2;561293;Kärnten;150297;26.78;165567;29.50
2021-04-17T23:59:59+02:00;3;1684287;Niederösterreich;426994;25.35;494740;29.37
2021-04-17T23:59:59+02:00;4;1490279;Oberösterreich;353200;23.70;458852;30.79
2021-04-17T23:59:59+02:00;5;558410;Salzburg;131763;23.60;142089;25.45
2021-04-17T23:59:59+02:00;6;1246395;Steiermark;288431;23.14;363793;29.19
2021-04-17T23:59:59+02:00;7;757634;Tirol;279840;36.94;298312;39.37
2021-04-17T23:59:59+02:00;8;397139;Vorarlberg;109981;27.69;110587;27.85
2021-04-17T23:59:59+02:00;9;1911191;Wien;451907;23.65;578609;30.27
2021-04-17T23:59:59+02:00;10;8901064;Österreich;2282259;25.64;2711899;30.47
2021-04-18T23:59:59+02:00;0;;Bundesbeschaffung;11860;;11860;
2021-04-18T23:59:59+02:00;1;294436;Burgenland;77986;26.49;87490;29.71
2021-04-18T23:59:59+02:00;2;561293;Kärnten;150297;26.78;165567;29.50
2021-04-18T23:59:59+02:00;3;1684287;Niederösterreich;426994;25.35;504994;29.98
2021-04-18T23:59:59+02:00;4;1490279;Oberösterreich;353200;23.70;458852;30.79
2021-04-18T23:59:59+02:00;5;558410;Salzburg;131763;23.60;143541;25.71
2021-04-18T23:59:59+02:00;6;1246395;Steiermark;288431;23.14;363793;29.19
2021-04-18T23:59:59+02:00;7;757634;Tirol;279840;36.94;298312;39.37
2021-04-18T23:59:59+02:00;8;397139;Vorarlberg;109981;27.69;121699;30.64
2021-04-18T23:59:59+02:00;9;1911191;Wien;451907;23.65;578609;30.27
2021-04-18T23:59:59+02:00;10;8901064;Österreich;2282259;25.64;2734717;30.72